{"type":"FeatureCollection","features":[{"type":"Feature","properties":{"name":"Italy land","source":"NE 10m land \u2229 Italy envelope + Messina cut"},"geometry":{"type":"MultiPolygon","coordinates":[[[[8.463389519000089,39.04246653900009],[8.453949415000068,39.02814362200007],[8.446543816000087,38.99433014500005],[8.437022332000083,38.96718984600005],[8.432465040000068,38.96283600500004],[8.421885613000086,38.96051666900007],[8.40984134200005,38.961818752000056],[8.40601647200009,38.96694570500006],[8.405039910000085,38.97402578300006],[8.401377800000091,38.98102448100008],[8.36491946700005,39.02948639500005],[8.34929446700005,39.062160549000055],[8.353526238000086,39.08344147300005],[8.353526238000086,39.09088776200008],[8.346039259000065,39.09088776200008],[8.346039259000065,39.097723700000074],[8.360362175000091,39.11815013200004],[8.385915561000047,39.10504791900007],[8.41765384200005,39.10659414300005],[8.444590691000087,39.102728583000044],[8.458018425000091,39.068060614000046],[8.463145379000082,39.06525299700007],[8.469899936000047,39.065659898000035],[8.479177280000044,39.07221100500004],[8.483897332000083,39.06976959800005],[8.464040561000047,39.05654531500005],[8.459320509000065,39.04979075700004],[8.463389519000089,39.04246653900009]]],[[[8.232676629000082,39.14411041900007],[8.224619988000086,39.15704987200007],[8.229991082000083,39.17279694200005],[8.245290561000047,39.180975653000075],[8.290293816000087,39.18842194200005],[8.305837436000047,39.19330475500004],[8.30632571700005,39.16079336100006],[8.312022332000083,39.120306708000044],[8.305837436000047,39.10455963700008],[8.290049675000091,39.098822333000044],[8.269379102000073,39.10016510600008],[8.254730665000068,39.107123114000046],[8.257334832000083,39.11815013200004],[8.257334832000083,39.12441640800006],[8.232676629000082,39.14411041900007]]],[[[9.74935957100007,40.37726471600007],[9.727386915000068,40.37201569200005],[9.712412957000083,40.366400458000044],[9.70085696700005,40.35297272300005],[9.683116082000083,40.324204820000034],[9.670176629000082,40.31268952000005],[9.645518425000091,40.296087958000044],[9.634613477000073,40.28261953300006],[9.626149936000047,40.26308828300006],[9.624847852000073,40.247748114000046],[9.629079623000052,40.20555247600004],[9.631114129000082,40.196193752000056],[9.654633009000065,40.144598700000074],[9.665049675000091,40.13157786700009],[9.679698113000086,40.126166083000044],[9.687836134000065,40.12067291900007],[9.710215691000087,40.09634023600006],[9.732269727000073,40.08392975500004],[9.730316602000073,40.06854889500005],[9.693369988000086,39.99290599200009],[9.68726647200009,39.96116771000004],[9.69662519600007,39.93378327000005],[9.709727410000085,39.940334377000056],[9.715668165000068,39.94013092700004],[9.717784050000091,39.93378327000005],[9.71452884200005,39.92450592700004],[9.708181186000047,39.92218659100007],[9.701426629000082,39.92206452000005],[9.69662519600007,39.91950104400007],[9.684336785000085,39.894232489000046],[9.683848504000082,39.882513739000046],[9.689789259000065,39.87173086100006],[9.683116082000083,39.87173086100006],[9.683116082000083,39.86554596600007],[9.69662519600007,39.85805898600006],[9.69662519600007,39.85187409100007],[9.684255405000044,39.839911200000074],[9.67554772200009,39.81891510600008],[9.670258009000065,39.79376862200007],[9.668793165000068,39.76927317900004],[9.669932488000086,39.75657786700009],[9.675059441000087,39.732082424000055],[9.676280144000089,39.718085028000075],[9.674082879000082,39.70799388200004],[9.664805535000085,39.691392320000034],[9.662608269000089,39.67682526200008],[9.660411004000082,39.67072174700007],[9.651133660000085,39.65249258000006],[9.648936394000089,39.63898346600007],[9.655772332000083,39.59454987200007],[9.653005405000044,39.566839911000045],[9.628428582000083,39.50177643400008],[9.644867384000065,39.48395416900007],[9.639008009000065,39.452460028000075],[9.614105665000068,39.39935944200005],[9.602061394000089,39.35565827000005],[9.600433790000068,39.341009833000044],[9.603526238000086,39.326239325000074],[9.611582879000082,39.31655508000006],[9.634613477000073,39.303168036000045],[9.634613477000073,39.296942450000074],[9.607269727000073,39.28900788000004],[9.581879102000073,39.26630280200004],[9.567556186000047,39.23810455900008],[9.573252800000091,39.21381256700005],[9.565603061000047,39.205064195000034],[9.568858269000089,39.199286200000074],[9.576019727000073,39.19391510600008],[9.579925977000073,39.18707916900007],[9.57789147200009,39.179388739000046],[9.568532748000052,39.159369208000044],[9.566416863000086,39.14923737200007],[9.557790561000047,39.13971588700008],[9.539561394000089,39.134019273000035],[9.522715691000087,39.12490469000005],[9.518565300000091,39.10455963700008],[9.510752800000091,39.10797760600008],[9.507090691000087,39.111395575000074],[9.50757897200009,39.11635976800005],[9.511892123000052,39.12441640800006],[9.496348504000082,39.13361237200007],[9.480723504000082,39.13556549700007],[9.465342644000089,39.13190338700008],[9.450368686000047,39.12441640800006],[9.442881707000083,39.12441640800006],[9.437998894000089,39.13336823100008],[9.428965691000087,39.13861725500004],[9.408702019000089,39.146144924000055],[9.383474155000044,39.169256903000075],[9.367930535000085,39.17715078300006],[9.34506269600007,39.19643789300005],[9.336680535000085,39.20075104400007],[9.326182488000086,39.202785549000055],[9.31226647200009,39.207912502000056],[9.299571160000085,39.214504299000055],[9.292165561000047,39.22125885600008],[9.285329623000052,39.21381256700005],[9.27125084700009,39.22052643400008],[9.252452019000089,39.22516510600008],[9.216319207000083,39.22801341400009],[9.197438998000052,39.221136786000045],[9.180918816000087,39.20718008000006],[9.166026238000086,39.18707916900007],[9.136892123000052,39.19432200700004],[9.113536004000082,39.21149323100008],[9.073008660000085,39.24852122600004],[9.063731316000087,39.243068752000056],[9.055511915000068,39.24754466400009],[9.047536655000044,39.25600820500006],[9.03874759200005,39.26219310100004],[9.024424675000091,39.264837958000044],[9.013926629000082,39.26390208500004],[9.012543165000068,39.26056549700007],[9.025726759000065,39.25600820500006],[9.025726759000065,39.24852122600004],[9.021006707000083,39.24042389500005],[9.026866082000083,39.23574453300006],[9.035166863000086,39.23216380400004],[9.037852410000085,39.22711823100008],[9.03874759200005,39.22801341400009],[9.050059441000087,39.22565338700008],[9.074961785000085,39.22988515800006],[9.07984459700009,39.224595445000034],[9.078949415000068,39.21234772300005],[9.038584832000083,39.179022528000075],[9.026215040000068,39.165228583000044],[9.018321160000085,39.146144924000055],[9.015961134000065,39.12384674700007],[9.018728061000047,39.103949286000045],[9.024587436000047,39.08612702000005],[9.031993035000085,39.06976959800005],[9.043793165000068,39.05841705900008],[9.044932488000086,39.05125560100004],[9.029307488000086,39.03025950700004],[9.018321160000085,38.995306708000044],[9.025726759000065,38.995306708000044],[9.015147332000083,38.98965078300006],[9.004649285000085,38.995306708000044],[8.996348504000082,38.98281484600005],[8.894704623000052,38.90228913000004],[8.887950066000087,38.89984772300005],[8.877452019000089,38.89907461100006],[8.87240644600007,38.89606354400007],[8.861338738000086,38.882066148000035],[8.85328209700009,38.87799713700008],[8.84148196700005,38.880560614000046],[8.82789147200009,38.88882070500006],[8.805430535000085,38.905951239000046],[8.805430535000085,38.88544342700004],[8.791026238000086,38.90444570500006],[8.766612175000091,38.92039622600004],[8.739512566000087,38.93065013200004],[8.71656334700009,38.93260325700004],[8.694590691000087,38.92523834800005],[8.668793165000068,38.910589911000045],[8.651621941000087,38.89154694200005],[8.655121290000068,38.871161200000074],[8.640961134000065,38.86432526200008],[8.634776238000086,38.871161200000074],[8.642832879000082,38.889960028000075],[8.633148634000065,38.89557526200008],[8.615570509000065,38.89594147300005],[8.599864129000082,38.89907461100006],[8.599864129000082,38.905951239000046],[8.61500084700009,38.92300039300005],[8.615489129000082,38.94757721600007],[8.60328209700009,38.964911200000074],[8.580088738000086,38.96051666900007],[8.572276238000086,39.01361725500004],[8.559580925000091,39.056708075000074],[8.55209394600007,39.056708075000074],[8.54428144600007,39.05125560100004],[8.52084394600007,39.06085846600007],[8.504405144000089,39.062933661000045],[8.509043816000087,39.06793854400007],[8.518077019000089,39.08344147300005],[8.504405144000089,39.09088776200008],[8.482758009000065,39.08038971600007],[8.48210696700005,39.08417389500005],[8.477549675000091,39.09048086100006],[8.473317905000044,39.10736725500004],[8.465098504000082,39.11945221600007],[8.454274936000047,39.12490469000005],[8.442230665000068,39.11815013200004],[8.437998894000089,39.12848541900007],[8.438649936000047,39.15314362200007],[8.435394727000073,39.16596100500004],[8.428396030000044,39.173163153000075],[8.418793165000068,39.17731354400007],[8.412608269000089,39.17572663000004],[8.41570071700005,39.16596100500004],[8.40951582100007,39.16933828300006],[8.405039910000085,39.17438385600008],[8.402354363000086,39.181341864000046],[8.398692254000082,39.201157945000034],[8.392588738000086,39.20404694200005],[8.385508660000085,39.204413153000075],[8.380137566000087,39.20758698100008],[8.37281334700009,39.22207265800006],[8.371755405000044,39.23061758000006],[8.37671959700009,39.23786041900007],[8.426442905000044,39.283270575000074],[8.432139519000089,39.30182526200008],[8.41570071700005,39.32367584800005],[8.417246941000087,39.33901601800005],[8.382090691000087,39.35968659100007],[8.374034050000091,39.37885163000004],[8.378184441000087,39.387925523000035],[8.395681186000047,39.40424225500004],[8.401377800000091,39.41242096600007],[8.405039910000085,39.42719147300005],[8.403819207000083,39.43585846600007],[8.389496290000068,39.46234772300005],[8.385996941000087,39.46552155200004],[8.386892123000052,39.46979401200008],[8.394541863000086,39.481350002000056],[8.421885613000086,39.50861237200007],[8.43531334700009,39.52521393400008],[8.451670769000089,39.558294989000046],[8.463389519000089,39.57684967700004],[8.455902540000068,39.58437734600005],[8.463877800000091,39.59788646000004],[8.462168816000087,39.61713288000004],[8.449717644000089,39.65884023600006],[8.446787957000083,39.70408763200004],[8.442230665000068,39.71466705900008],[8.442230665000068,39.72150299700007],[8.446462436000047,39.73086172100005],[8.444021030000044,39.757025458000044],[8.446055535000085,39.76251862200007],[8.459727410000085,39.76048411700009],[8.468597852000073,39.75495026200008],[8.49976647200009,39.71621328300006],[8.51693769600007,39.70213450700004],[8.538259311000047,39.69603099200009],[8.56576582100007,39.70107656500005],[8.514496290000068,39.71369049700007],[8.504405144000089,39.72150299700007],[8.506846550000091,39.73847077000005],[8.519867384000065,39.75543854400007],[8.535492384000065,39.770819403000075],[8.545258009000065,39.78294505400004],[8.538584832000083,39.78294505400004],[8.535166863000086,39.77606842700004],[8.530528191000087,39.770412502000056],[8.524912957000083,39.76581452000005],[8.518077019000089,39.76251862200007],[8.529795769000089,39.77252838700008],[8.54078209700009,39.78925202000005],[8.548838738000086,39.80719635600008],[8.55209394600007,39.82078685100004],[8.555186394000089,39.85268789300005],[8.553558790000068,39.86395905200004],[8.545258009000065,39.878566799000055],[8.523448113000086,39.898871161000045],[8.494151238000086,39.91242096600007],[8.463063998000052,39.914129950000074],[8.435394727000073,39.89899323100008],[8.442230665000068,39.89280833500004],[8.445567254000082,39.898098049000055],[8.463389519000089,39.89899323100008],[8.451833530000044,39.89288971600007],[8.44467207100007,39.88361237200007],[8.435394727000073,39.85805898600006],[8.428721550000091,39.86554596600007],[8.437510613000086,39.87677643400008],[8.43100019600007,39.885199286000045],[8.398285352000073,39.90534088700008],[8.394541863000086,39.91266510600008],[8.393565300000091,39.92047760600008],[8.399912957000083,39.93317291900007],[8.401377800000091,39.94000885600008],[8.393565300000091,39.97687409100007],[8.394541863000086,39.98843008000006],[8.406504754000082,40.009833075000074],[8.407074415000068,40.02220286700009],[8.394541863000086,40.03620026200008],[8.380137566000087,40.03009674700007],[8.377207879000082,40.03375885600008],[8.38453209700009,40.04193756700005],[8.401377800000091,40.04987213700008],[8.434825066000087,40.05101146000004],[8.459727410000085,40.05731842700004],[8.468597852000073,40.062160549000055],[8.479014519000089,40.07416413000004],[8.487315300000091,40.089544989000046],[8.49000084700009,40.10447825700004],[8.485118035000085,40.11810944200005],[8.467295769000089,40.14472077000005],[8.463389519000089,40.16315338700008],[8.459646030000044,40.216009833000044],[8.476410352000073,40.262152411000045],[8.476084832000083,40.29214101800005],[8.462901238000086,40.314520575000074],[8.441254102000073,40.33144765800006],[8.41570071700005,40.34528229400007],[8.408213738000086,40.33783600500004],[8.385996941000087,40.35179271000004],[8.383555535000085,40.37177155200004],[8.394541863000086,40.423814195000034],[8.390472852000073,40.44232819200005],[8.379893425000091,40.46869538000004],[8.365570509000065,40.49213288000004],[8.349864129000082,40.50234609600005],[8.33171634200005,40.51068756700005],[8.32390384200005,40.53082916900007],[8.319590691000087,40.55560944200005],[8.312022332000083,40.57807038000004],[8.291514519000089,40.595363674000055],[8.26734459700009,40.59406159100007],[8.216319207000083,40.57062409100007],[8.195974155000044,40.57807038000004],[8.205332879000082,40.59780508000006],[8.216319207000083,40.612209377000056],[8.193369988000086,40.61749909100007],[8.176605665000068,40.60659414300005],[8.166188998000052,40.58641185100004],[8.16179446700005,40.563788153000075],[8.153086785000085,40.577785549000055],[8.147308790000068,40.59320709800005],[8.140635613000086,40.61904531500005],[8.140635613000086,40.62518952000005],[8.157725457000083,40.63226959800005],[8.173838738000086,40.64158763200004],[8.18531334700009,40.65656159100007],[8.188487175000091,40.68048737200007],[8.19109134200005,40.68040599200009],[8.195567254000082,40.68528880400004],[8.197438998000052,40.69122955900008],[8.192149285000085,40.69415924700007],[8.178965691000087,40.69476959800005],[8.173838738000086,40.696966864000046],[8.167979363000086,40.701605536000045],[8.153330925000091,40.71971263200004],[8.14584394600007,40.72601959800005],[8.133799675000091,40.72890859600005],[8.209646030000044,40.86542389500005],[8.215342644000089,40.88141510600008],[8.216319207000083,40.899603583000044],[8.209727410000085,40.91445547100005],[8.192149285000085,40.92064036700003],[8.178884311000047,40.928168036000045],[8.182302280000044,40.945298570000034],[8.19304446700005,40.963771877000056],[8.202159050000091,40.97528717700004],[8.209646030000044,40.97528717700004],[8.21257571700005,40.96344635600008],[8.229014519000089,40.962551174000055],[8.236175977000073,40.954779364000046],[8.235524936000047,40.946478583000044],[8.231618686000047,40.93451569200005],[8.229258660000085,40.921576239000046],[8.233164910000085,40.91010163000004],[8.277842644000089,40.86542389500005],[8.31023196700005,40.85065338700008],[8.421885613000086,40.838771877000056],[8.47787519600007,40.826157945000034],[8.500987175000091,40.82444896000004],[8.520518425000091,40.82697174700007],[8.598399285000085,40.85297272300005],[8.618337436000047,40.86615631700005],[8.634287957000083,40.88157786700003],[8.640961134000065,40.896470445000034],[8.709157748000052,40.92064036700003],[8.733897332000083,40.92129140800006],[8.751231316000087,40.919134833000044],[8.764414910000085,40.91380442900004],[8.822520379000082,40.947333075000074],[8.83961022200009,40.96161530200004],[8.875336134000065,41.00812409100007],[8.887950066000087,41.01626211100006],[8.885915561000047,41.02122630400004],[8.881114129000082,41.02366771000004],[8.913096550000091,41.03266022300005],[8.922699415000068,41.036769924000055],[8.92945397200009,41.04364655200004],[8.940114780000044,41.06118398600006],[8.95875084700009,41.070013739000046],[8.975759311000047,41.08266836100006],[8.990733269000089,41.097357489000046],[9.00554446700005,41.12189362200007],[9.02475019600007,41.12885163000004],[9.093028191000087,41.135199286000045],[9.107758009000065,41.13947174700007],[9.135590040000068,41.16030508000006],[9.141856316000087,41.152777411000045],[9.15756269600007,41.16889069200005],[9.16342207100007,41.18414948100008],[9.162852410000085,41.22540924700007],[9.171071811000047,41.24290599200003],[9.189952019000089,41.25112539300005],[9.212412957000083,41.25580475500004],[9.230642123000052,41.26264069200005],[9.232676629000082,41.253566799000055],[9.238291863000086,41.24884674700007],[9.246918165000068,41.247748114000046],[9.257823113000086,41.249660549000055],[9.268077019000089,41.23663971600007],[9.267425977000073,41.20197174700007],[9.278330925000091,41.195013739000046],[9.274668816000087,41.19953034100007],[9.273610873000052,41.205145575000074],[9.274912957000083,41.21238841400009],[9.278330925000091,41.22174713700008],[9.285329623000052,41.22174713700008],[9.289317254000082,41.20872630400004],[9.285329623000052,41.201239325000074],[9.285329623000052,41.195013739000046],[9.299571160000085,41.196478583000044],[9.312510613000086,41.201239325000074],[9.316579623000052,41.196478583000044],[9.333018425000091,41.187567450000074],[9.335215691000087,41.21165599200003],[9.352061394000089,41.20726146000004],[9.388194207000083,41.18073151200008],[9.388194207000083,41.187567450000074],[9.40406334700009,41.181708075000074],[9.422373894000089,41.18073151200008],[9.422373894000089,41.17450592700004],[9.417002800000091,41.17145416900007],[9.408702019000089,41.16030508000006],[9.420176629000082,41.15643952000005],[9.432790561000047,41.14077383000006],[9.442881707000083,41.13296133000006],[9.437022332000083,41.125433661000045],[9.436778191000087,41.11538320500006],[9.442881707000083,41.09198639500005],[9.454112175000091,41.11196523600006],[9.460459832000083,41.12051015800006],[9.47006269600007,41.12612539300005],[9.462412957000083,41.137600002000056],[9.456553582000083,41.14036692900004],[9.469086134000065,41.146185614000046],[9.481455925000091,41.14557526200008],[9.508067254000082,41.14036692900004],[9.513926629000082,41.14350006700005],[9.518402540000068,41.14866771000004],[9.523936394000089,41.149725653000075],[9.532237175000091,41.14036692900004],[9.52475019600007,41.13296133000006],[9.534353061000047,41.128119208000044],[9.54078209700009,41.12287018400008],[9.546153191000087,41.12091705900008],[9.552744988000086,41.12612539300005],[9.559580925000091,41.12612539300005],[9.561778191000087,41.121079820000034],[9.566416863000086,41.11933014500005],[9.565114780000044,41.107123114000046],[9.56226647200009,41.09711334800005],[9.55640709700009,41.08783600500004],[9.545909050000091,41.07770416900007],[9.539073113000086,41.09198639500005],[9.52125084700009,41.031683661000045],[9.511892123000052,41.01626211100006],[9.532237175000091,41.01626211100006],[9.52475019600007,41.030503648000035],[9.543142123000052,41.03693268400008],[9.554209832000083,41.03461334800005],[9.557627800000091,41.025051174000055],[9.552744988000086,41.009466864000046],[9.557790561000047,41.009426174000055],[9.559580925000091,41.01626211100006],[9.565684441000087,41.010931708000044],[9.568614129000082,41.00950755400004],[9.573252800000091,41.009466864000046],[9.588145379000082,41.020697333000044],[9.615733269000089,41.019598700000074],[9.64429772200009,41.01166413000004],[9.662608269000089,41.00263092700004],[9.651215040000068,40.991115627000056],[9.635996941000087,40.99237702000005],[9.619639519000089,40.99876536700003],[9.604258660000085,41.00263092700004],[9.58757571700005,40.995794989000046],[9.582530144000089,40.97992584800005],[9.578868035000085,40.96198151200008],[9.566416863000086,40.94863515800006],[9.571136915000068,40.934881903000075],[9.557465040000068,40.93121979400007],[9.511892123000052,40.93431224200003],[9.511241082000083,40.929388739000046],[9.512543165000068,40.92796458500004],[9.504242384000065,40.92690664300005],[9.511973504000082,40.91518789300005],[9.520030144000089,40.91502513200004],[9.52898196700005,40.919256903000075],[9.539073113000086,40.92064036700003],[9.573252800000091,40.90639883000006],[9.592784050000091,40.90989817900004],[9.607676629000082,40.91787344000005],[9.622569207000083,40.92377350500004],[9.642100457000083,40.92064036700003],[9.637217644000089,40.91156647300005],[9.631521030000044,40.90485260600008],[9.623871290000068,40.90070221600007],[9.614105665000068,40.899603583000044],[9.614105665000068,40.89337799700007],[9.65007571700005,40.87946198100008],[9.655772332000083,40.87604401200008],[9.657725457000083,40.86395905200004],[9.663259311000047,40.85822174700007],[9.671722852000073,40.858710028000075],[9.683116082000083,40.86542389500005],[9.689789259000065,40.85586172100005],[9.699392123000052,40.850043036000045],[9.72396894600007,40.844916083000044],[9.69109134200005,40.83624909100007],[9.68100019600007,40.829779364000046],[9.689789259000065,40.81704336100006],[9.689789259000065,40.81077708500004],[9.674489780000044,40.81391022300005],[9.66179446700005,40.809027411000045],[9.65788821700005,40.79987213700008],[9.668793165000068,40.790350653000075],[9.669769727000073,40.80145905200004],[9.675791863000086,40.78864166900007],[9.703949415000068,40.759426174000055],[9.71029707100007,40.74559153900009],[9.71420332100007,40.72724030200004],[9.744476759000065,40.68048737200007],[9.748301629000082,40.667222398000035],[9.753184441000087,40.60529205900008],[9.756521030000044,40.59516022300005],[9.761566602000073,40.58734772300005],[9.768077019000089,40.58429596600007],[9.781911655000044,40.58197663000004],[9.785817905000044,40.575873114000046],[9.78687584700009,40.56712474200009],[9.792246941000087,40.55695221600007],[9.820567254000082,40.536363023000035],[9.826426629000082,40.52960846600007],[9.826670769000089,40.519598700000074],[9.815196160000085,40.50250885600008],[9.81218509200005,40.49237702000005],[9.808767123000052,40.470770575000074],[9.800303582000083,40.455511786000045],[9.778086785000085,40.42723216400009],[9.761729363000086,40.390692450000074],[9.74935957100007,40.37726471600007]]],[[[9.73959394600007,40.86045970300006],[9.73406009200005,40.85809967700004],[9.719330274000072,40.86375560100004],[9.713877800000091,40.87368398600006],[9.727061394000089,40.87413157800006],[9.73414147200009,40.87632884300007],[9.744639519000089,40.86916738500008],[9.73959394600007,40.86045970300006]]],[[[9.739268425000091,40.91929759300007],[9.740082227000073,40.91229889500005],[9.700124545000051,40.89048899900007],[9.691335483000046,40.88829173400006],[9.685150587000066,40.89109935100004],[9.676036004000082,40.89020416900007],[9.67750084700009,40.89260488500008],[9.733897332000083,40.92475006700005],[9.736338738000086,40.92430247600004],[9.739268425000091,40.91929759300007]]],[[[8.241384311000047,41.052069403000075],[8.260752800000091,41.06464264500005],[8.275645379000082,41.06976959800005],[8.277842644000089,41.081732489000046],[8.275645379000082,41.095404364000046],[8.277842644000089,41.10565827000005],[8.284353061000047,41.10687897300005],[8.30209394600007,41.10504791900007],[8.305837436000047,41.109076239000046],[8.30795332100007,41.11383698100008],[8.313324415000068,41.11859772300005],[8.326182488000086,41.12612539300005],[8.32593834700009,41.118353583000044],[8.327972852000073,41.112494208000044],[8.332367384000065,41.10565827000005],[8.341970248000052,41.09784577000005],[8.344737175000091,41.08624909100007],[8.341319207000083,41.07412344000005],[8.332367384000065,41.06464264500005],[8.27475019600007,41.05727773600006],[8.251149936000047,41.04376862200007],[8.250987175000091,41.01609935100004],[8.246429884000065,40.99363841400009],[8.209646030000044,40.995794989000046],[8.217621290000068,41.00503164300005],[8.221690300000091,41.01439036700003],[8.223155144000089,41.033636786000045],[8.228851759000065,41.04173411700003],[8.241384311000047,41.052069403000075]]],[[[9.595957879000082,41.07636139500005],[9.606374545000051,41.079413153000075],[9.604991082000083,41.071193752000056],[9.602631056000064,41.06867096600007],[9.597666863000086,41.070420640000066],[9.596120639000048,41.07294342700004],[9.595957879000082,41.07636139500005]]],[[[9.408213738000086,41.20742422100005],[9.417491082000083,41.200425523000035],[9.407806837000066,41.18512604400007],[9.402354363000086,41.19021230700008],[9.395518425000091,41.18960195500006],[9.394379102000073,41.19509511900009],[9.398041212000066,41.19883860900006],[9.405772332000083,41.20262278900009],[9.408213738000086,41.20742422100005]]],[[[9.448741082000083,41.185532945000034],[9.441661004000082,41.18305084800005],[9.437022332000083,41.18593984600005],[9.447764519000089,41.205064195000034],[9.443532748000052,41.21149323100008],[9.446462436000047,41.220404364000046],[9.459971550000091,41.24237702000005],[9.468028191000087,41.241115627000056],[9.474782748000052,41.23607005400004],[9.479502800000091,41.22418854400007],[9.479258660000085,41.21694570500006],[9.471039259000065,41.18960195500006],[9.47437584700009,41.18427155200004],[9.474864129000082,41.17926666900007],[9.47038821700005,41.17210521000004],[9.464366082000083,41.17267487200007],[9.45639082100007,41.18065013200004],[9.448741082000083,41.185532945000034]]],[[[9.39625084700009,41.247748114000046],[9.397959832000083,41.25604889500005],[9.40796959700009,41.25812409100007],[9.414235873000052,41.26243724200003],[9.421885613000086,41.26089101800005],[9.42741946700005,41.25409577000005],[9.430511915000068,41.24628327000005],[9.42904707100007,41.229396877000056],[9.43531334700009,41.21702708500004],[9.395274285000085,41.210598049000055],[9.376963738000086,41.213324286000045],[9.373057488000086,41.221909898000035],[9.373057488000086,41.22988515800006],[9.377614780000044,41.23383209800005],[9.391856316000087,41.24070872600004],[9.39625084700009,41.247748114000046]]],[[[9.158376498000052,41.242173570000034],[9.156097852000073,41.23810455900008],[9.156993035000085,41.23745351800005],[9.146739129000082,41.23000722900008],[9.137461785000085,41.24087148600006],[9.141612175000091,41.24644603100006],[9.146657748000052,41.243801174000055],[9.158376498000052,41.242173570000034]]],[[[9.329681837000066,41.237575588000084],[9.332855665000068,41.25079987200007],[9.337901238000086,41.25222402600008],[9.342539910000085,41.251613674000055],[9.353037957000083,41.24782949400009],[9.350759311000047,41.23220449400009],[9.342214389000048,41.22813548400006],[9.335378451000054,41.23029205900008],[9.331553582000083,41.233587958000044],[9.329681837000066,41.237575588000084]]],[[[9.350596550000091,41.288723049000055],[9.35124759200005,41.27610911700003],[9.344655795000051,41.27480703300006],[9.331065300000091,41.28103261900009],[9.334971550000091,41.285589911000045],[9.350596550000091,41.288723049000055]]],[[[9.380056186000047,41.300441799000055],[9.378916863000086,41.29584381700005],[9.375254754000082,41.292263088000084],[9.371836785000085,41.291856187000064],[9.369069858000046,41.293483791000085],[9.364756707000083,41.28790924700007],[9.358246290000068,41.29690176000008],[9.361664259000065,41.29751211100006],[9.36459394600007,41.30149974200003],[9.376800977000073,41.307806708000044],[9.380056186000047,41.300441799000055]]],[[[9.334971550000091,41.30833567900004],[9.345876498000052,41.304754950000074],[9.35328209700009,41.299343166000085],[9.354177280000044,41.29287344000005],[9.337006056000064,41.29450104400007],[9.336599155000044,41.29706452000005],[9.330902540000068,41.30471426000008],[9.334971550000091,41.30833567900004]]],[[[9.247243686000047,41.33771393400008],[9.249929233000046,41.34353261900009],[9.254567905000044,41.34218984600005],[9.254649285000085,41.33860911700003],[9.25757897200009,41.33551666900007],[9.256927931000064,41.33152903900009],[9.247243686000047,41.33771393400008]]],[[[9.251556837000066,41.371161200000074],[9.264821811000047,41.37213776200008],[9.264333530000044,41.36635976800005],[9.270030144000089,41.367621161000045],[9.26889082100007,41.36461009300007],[9.26343834700009,41.36269765800006],[9.262624545000051,41.36078522300005],[9.250417514000048,41.36546458500004],[9.251556837000066,41.371161200000074]]],[[[9.422373894000089,43.01740143400008],[9.435557488000086,43.00372955900008],[9.444509311000047,42.99799225500004],[9.464040561000047,42.99005768400008],[9.464040561000047,42.98261139500005],[9.455577019000089,42.97455475500004],[9.453868035000085,42.96381256700005],[9.45875084700009,42.952337958000044],[9.47006269600007,42.942287502000056],[9.465505405000044,42.923529364000046],[9.484385613000086,42.83242422100005],[9.482758009000065,42.80231354400007],[9.467140878674794,42.75726714818275],[9.441915215303046,42.794398646350785],[9.415076947002342,42.849548586829066],[9.40495017943506,42.87483278395228],[9.39763406171081,42.90106856995103],[9.373218909832469,43.011572151440966],[9.404307488000086,43.01166413000004],[9.422373894000089,43.01740143400008]]],[[[9.528086785000085,42.56354401200008],[9.528785992205734,42.56031531942773],[9.511351810781836,42.58884153238868],[9.518565300000091,42.580959377000056],[9.528086785000085,42.56354401200008]]],[[[9.36167424748565,41.64018562516251],[9.367252011343227,41.64201538663005],[9.363617384000065,41.64004140800006],[9.36167424748565,41.64018562516251]]],[[[9.346690300000091,41.619574286000045],[9.328905236602909,41.6252343513645],[9.342946590685388,41.63197532520997],[9.346690300000091,41.619574286000045]]],[[[9.292165561000047,41.59162018400008],[9.325043165000068,41.60195547100005],[9.34506269600007,41.60447825700004],[9.354177280000044,41.595404364000046],[9.350596550000091,41.58120351800005],[9.341075066000087,41.56928131700005],[9.326670769000089,41.56110260600008],[9.309092644000089,41.55817291900007],[9.299652540000068,41.55329010600008],[9.292165561000047,41.54291413000004],[9.281993035000085,41.533270575000074],[9.264659050000091,41.53082916900007],[9.268728061000047,41.52374909100007],[9.269867384000065,41.516791083000044],[9.268728061000047,41.50995514500005],[9.264659050000091,41.50287506700005],[9.276215040000068,41.49941640800006],[9.279144727000073,41.49164459800005],[9.27475019600007,41.482855536000045],[9.264659050000091,41.47614166900007],[9.27084394600007,41.468736070000034],[9.25521894600007,41.46360911700003],[9.228037957000083,41.45001862200007],[9.21070397200009,41.44822825700004],[9.21070397200009,41.44086334800005],[9.22006269600007,41.43504466400009],[9.223317905000044,41.42731354400007],[9.219981316000087,41.419623114000046],[9.21070397200009,41.41351959800005],[9.21070397200009,41.40729401200008],[9.22201582100007,41.41095612200007],[9.23796634200005,41.42226797100005],[9.250336134000065,41.427801825000074],[9.246592644000089,41.41290924700007],[9.238780144000089,41.39590078300006],[9.23015384200005,41.380926825000074],[9.223155144000089,41.37250397300005],[9.20671634200005,41.36591217700004],[9.193858269000089,41.369126695000034],[9.169118686000047,41.38617584800005],[9.153330925000091,41.39134349200003],[9.122243686000047,41.394964911000045],[9.096446160000085,41.403509833000044],[9.107269727000073,41.42926666900007],[9.112152540000068,41.43256256700005],[9.121348504000082,41.43463776200008],[9.10515384200005,41.44550202000005],[9.080902540000068,41.453192450000074],[9.066579623000052,41.46190013200004],[9.07984459700009,41.47614166900007],[9.07984459700009,41.48236725500004],[9.068207227000073,41.47947825700004],[9.03874759200005,41.46190013200004],[9.031993035000085,41.468736070000034],[9.03874759200005,41.47614166900007],[9.028086785000085,41.473822333000044],[9.018321160000085,41.468736070000034],[9.01148522200009,41.47614166900007],[9.000987175000091,41.48305898600006],[8.975596550000091,41.48908112200007],[8.951019727000073,41.491888739000046],[8.935720248000052,41.48920319200005],[8.924815300000091,41.49494049700007],[8.916758660000085,41.501654364000046],[8.906911655000044,41.50731028900009],[8.883636915000068,41.51117584800005],[8.879161004000082,41.51935455900008],[8.873487783242913,41.52342855173887],[9.088723777004473,41.563844414800556],[9.112132659961178,41.56710329230275],[9.135744679199448,41.56813703857072],[9.159348801415627,41.5669364144586],[9.203890356157512,41.55938450759983],[9.278905271627146,41.598897567533946],[9.292165561000047,41.59162018400008]]],[[[10.062754754000082,42.59202708500004],[10.072601759000065,42.60040924700007],[10.07943769600007,42.61391836100006],[10.084320509000065,42.61469147300005],[10.091644727000073,42.595770575000074],[10.097911004000082,42.587958075000074],[10.097911004000082,42.58388906500005],[10.09538821700005,42.57697174700007],[10.085785352000073,42.57245514500005],[10.071787957000083,42.57273997600004],[10.058604363000086,42.57599518400008],[10.050303582000083,42.58193594000005],[10.052582227000073,42.58901601800005],[10.062754754000082,42.59202708500004]]],[[[9.825776759000064,43.07462970800009],[9.840098504000082,43.06517161700003],[9.843923373000052,43.06069570500006],[9.847504102000073,43.058579820000034],[9.854810932000078,43.04427469700005],[9.842127292000043,43.024955918000046],[9.822953622000057,43.00845909000009],[9.801498481000067,43.007805218000044],[9.78459484800004,43.028441834000034],[9.806944043000044,43.06640771800005],[9.825776759000064,43.07462970800009]]],[[[9.91570071700005,43.44293854400007],[9.91537519600007,43.43537018400008],[9.908457879000082,43.42690664300005],[9.89421634200005,43.432521877000056],[9.897634311000047,43.443426825000074],[9.903005405000044,43.44415924700007],[9.908132358000046,43.446600653000075],[9.91570071700005,43.44293854400007]]],[[[12.526133660000085,35.51666901200008],[12.533864780000044,35.52163320500006],[12.555674675000091,35.52122630400004],[12.566905144000089,35.51902903900009],[12.612803582000083,35.515326239000046],[12.623708530000044,35.51190827000005],[12.621267123000052,35.508246161000045],[12.623871290000068,35.501613674000055],[12.621267123000052,35.49233633000006],[12.61109459700009,35.48924388200004],[12.603037957000083,35.491400458000044],[12.598317905000044,35.49433014500005],[12.593923373000052,35.49445221600007],[12.555674675000091,35.50804271000004],[12.536143425000091,35.512600002000056],[12.526133660000085,35.51666901200008]]],[[[12.853526238000086,35.87124258000006],[12.867035352000073,35.872259833000044],[12.874034050000091,35.866441148000035],[12.87671959700009,35.85586172100005],[12.872569207000083,35.85228099200009],[12.856944207000083,35.85228099200009],[12.85092207100007,35.855902411000045],[12.845876498000052,35.86269765800006],[12.84701582100007,35.86831289300005],[12.853526238000086,35.87124258000006]]],[[[11.922211134000065,36.82835521000004],[11.934336785000085,36.835923570000034],[11.93881269600007,36.83706289300005],[11.946136915000068,36.84170156500005],[11.951345248000052,36.84275950700004],[11.957692905000044,36.84056224200009],[11.967295769000089,36.83120351800005],[11.987315300000091,36.82416413000004],[11.992930535000085,36.825384833000044],[11.999522332000083,36.835923570000034],[12.037608269000089,36.806626695000034],[12.051524285000085,36.790350653000075],[12.053477410000085,36.767645575000074],[12.03060957100007,36.74135976800005],[11.996104363000086,36.74494049700007],[11.961192254000082,36.76520416900007],[11.937347852000073,36.788763739000046],[11.924978061000047,36.81195709800005],[11.922211134000065,36.82835521000004]]],[[[15.56967207100007,38.22695547100005],[15.562998894000089,38.21430084800005],[15.55990644600007,38.19977448100008],[15.57593834700009,38.20018138200004],[15.52702884200005,38.136786200000074],[15.500336134000065,38.08494700700004],[15.392588738000086,37.97614166900007],[15.302744988000086,37.86440664300005],[15.283457879000082,37.83295319200005],[15.266286655000044,37.81191640800006],[15.241221550000091,37.79555898600006],[15.213063998000052,37.76146067900004],[15.206553582000083,37.747748114000046],[15.208262566000087,37.73704661700009],[15.218597852000073,37.718085028000075],[15.220225457000083,37.706732489000046],[15.216075066000087,37.69672272300005],[15.202159050000091,37.68537018400008],[15.199066602000073,37.67572663000004],[15.196787957000083,37.65509674700007],[15.184580925000091,37.62579987200007],[15.178558790000068,37.60431549700007],[15.16382897200009,37.567694403000075],[15.115896030000044,37.52228424700007],[15.096690300000091,37.49445221600007],[15.09156334700009,37.47748444200005],[15.08952884200005,37.45945872600004],[15.092051629000082,37.360541083000044],[15.096690300000091,37.34369538000004],[15.103526238000086,37.329779364000046],[15.11068769600007,37.32184479400007],[15.180023634000065,37.29075755400004],[15.217458530000044,37.28497955900008],[15.236664259000065,37.274725653000075],[15.251963738000086,37.25771719000005],[15.261241082000083,37.23383209800005],[15.244883660000085,37.246161200000074],[15.235606316000087,37.24192942900004],[15.228851759000065,37.23029205900008],[15.220225457000083,37.22016022300005],[15.221690300000091,37.23745351800005],[15.215830925000091,37.24469635600008],[15.205414259000065,37.24469635600008],[15.192881707000083,37.23997630400004],[15.199066602000073,37.22760651200008],[15.183441602000073,37.207464911000045],[15.19467207100007,37.17633698100008],[15.21648196700005,37.15521881700005],[15.233246290000068,37.16486237200007],[15.247569207000083,37.15867747600004],[15.247569207000083,37.15184153900009],[15.229177280000044,37.149644273000035],[15.23178144600007,37.13491445500006],[15.246592644000089,37.11823151200008],[15.264659050000091,37.11029694200005],[15.28882897200009,37.10838450700004],[15.303233269000089,37.101223049000055],[15.307871941000087,37.08665599200009],[15.302744988000086,37.062486070000034],[15.287933790000068,37.06899648600006],[15.281993035000085,37.06085846600007],[15.283702019000089,37.04840729400007],[15.291840040000068,37.04197825700004],[15.31226647200009,37.04401276200008],[15.321055535000085,37.040228583000044],[15.32943769600007,37.02773672100005],[15.332367384000065,37.01162344000005],[15.324717644000089,37.00849030200004],[15.31421959700009,37.01243724200009],[15.308929884000065,37.01776764500005],[15.268077019000089,37.000433661000045],[15.274912957000083,36.99359772300005],[15.266123894000089,36.98940664300005],[15.263845248000052,36.98712799700007],[15.268077019000089,36.980536200000074],[15.268077019000089,36.973089911000045],[15.244476759000065,36.97207265800006],[15.226735873000052,36.96478913000004],[15.211680535000085,36.95648834800005],[15.196055535000085,36.95262278900009],[15.174652540000068,36.94407786700009],[15.158376498000052,36.92422109600005],[15.107676629000082,36.82013580900008],[15.106618686000047,36.808579820000034],[15.094004754000082,36.79954661700009],[15.098887566000087,36.77944570500006],[15.117198113000086,36.74713776200008],[15.134938998000052,36.68768952000005],[15.134287957000083,36.67519765800006],[15.114512566000087,36.65989817900004],[15.093923373000052,36.65493398600006],[15.07357832100007,36.65912506700005],[15.055186394000089,36.67145416900007],[15.04070071700005,36.68768952000005],[15.033050977000073,36.69391510600008],[15.021006707000083,36.69936758000006],[15.00717207100007,36.702785549000055],[14.99781334700009,36.70221588700008],[14.993662957000083,36.69594961100006],[14.982432488000086,36.68886953300006],[14.957286004000082,36.69782135600008],[14.918630405000044,36.71987539300005],[14.88217207100007,36.73065827000005],[14.846853061000047,36.726263739000046],[14.780772332000083,36.69936758000006],[14.776133660000085,36.70770905200004],[14.773448113000086,36.71002838700008],[14.760915561000047,36.70620351800005],[14.744313998000052,36.71914297100005],[14.684580925000091,36.72601959800005],[14.67164147200009,36.74371979400007],[14.658946160000085,36.75381094000005],[14.600108269000089,36.77212148600006],[14.582204623000052,36.781317450000074],[14.565928582000083,36.77830638200004],[14.487315300000091,36.79336172100005],[14.475759311000047,36.80491771000004],[14.394541863000086,36.945013739000046],[14.369883660000085,36.973089911000045],[14.278819207000083,37.04401276200008],[14.208506707000083,37.08112213700008],[14.12631269600007,37.11225006700005],[14.088633660000085,37.11774323100008],[13.97632897200009,37.11029694200005],[13.967295769000089,37.10822174700007],[13.94857832100007,37.098822333000044],[13.938487175000091,37.09593333500004],[13.894379102000073,37.100816148000035],[13.832692905000044,37.139553127000056],[13.79460696700005,37.15184153900009],[13.75163821700005,37.15900299700007],[13.715830925000091,37.17137278900009],[13.683441602000073,37.18935781500005],[13.598806186000047,37.256740627000056],[13.569183790000068,37.273504950000074],[13.534434441000087,37.28217194200005],[13.488617384000065,37.28847890800006],[13.452647332000083,37.298814195000034],[13.42156009200005,37.31439850500004],[13.372243686000047,37.346136786000045],[13.329600457000083,37.36627838700008],[13.311289910000085,37.380845445000034],[13.302012566000087,37.38572825700004],[13.278005405000044,37.39370351800005],[13.25326582100007,37.43178945500006],[13.247325066000087,37.43593984600005],[13.225352410000085,37.44603099200009],[13.214040561000047,37.45807526200008],[13.206065300000091,37.46393463700008],[13.194590691000087,37.46653880400004],[13.18921959700009,37.46971263200004],[13.17937259200005,37.48383209800005],[13.174082879000082,37.48700592700004],[13.051524285000085,37.50067780200004],[13.03679446700005,37.49485911700009],[13.026377800000091,37.49323151200008],[13.016856316000087,37.49754466400009],[13.010427280000044,37.50690338700008],[13.004161004000082,37.52708567900004],[13.000010613000086,37.53546784100007],[12.974131707000083,37.55744049700007],[12.942637566000087,37.56850820500006],[12.862152540000068,37.57640208500004],[12.78093509200005,37.574204820000034],[12.697764519000089,37.56273021000004],[12.659353061000047,37.56513092700004],[12.636241082000083,37.58222077000005],[12.594737175000091,37.637884833000044],[12.57781009200005,37.652004299000055],[12.563487175000091,37.65778229400007],[12.523610873000052,37.65835195500006],[12.506195509000065,37.66551341400009],[12.489024285000085,37.68268463700008],[12.47437584700009,37.70294830900008],[12.465017123000052,37.71979401200008],[12.460459832000083,37.73460521000004],[12.459157748000052,37.747748114000046],[12.456309441000087,37.759751695000034],[12.448008660000085,37.77130768400008],[12.436289910000085,37.78314850500004],[12.427012566000087,37.79702383000006],[12.42741946700005,37.80927155200004],[12.444590691000087,37.81598541900007],[12.446055535000085,37.811835028000075],[12.460459832000083,37.81903717700004],[12.465017123000052,37.82282135600008],[12.463063998000052,37.82575104400007],[12.470225457000083,37.85342031500005],[12.47242272200009,37.85419342700004],[12.477712436000047,37.87254466400009],[12.478688998000052,37.88117096600007],[12.476735873000052,37.885931708000044],[12.467784050000091,37.89712148600006],[12.464121941000087,37.91290924700007],[12.490489129000082,37.954006252000056],[12.496592644000089,37.98061758000006],[12.502940300000091,37.99705638200004],[12.504161004000082,38.01121653900009],[12.492930535000085,38.02142975500004],[12.523448113000086,38.03143952000005],[12.549652540000068,38.05483633000006],[12.576345248000052,38.07172272300005],[12.608409050000091,38.06240469000005],[12.638682488000086,38.07949453300006],[12.651621941000087,38.091498114000046],[12.656911655000044,38.10736725500004],[12.662445509000065,38.11627838700008],[12.676036004000082,38.11587148600006],[12.691905144000089,38.11212799700007],[12.704600457000083,38.11082591400009],[12.725352410000085,38.12592194200005],[12.72396894600007,38.15033600500004],[12.719899936000047,38.175482489000046],[12.73178144600007,38.19277578300006],[12.737803582000083,38.180975653000075],[12.74935957100007,38.182074286000045],[12.760915561000047,38.180975653000075],[12.766123894000089,38.16266510600008],[12.79078209700009,38.11709219000005],[12.818369988000086,38.07794830900008],[12.828786655000044,38.06989166900007],[12.856944207000083,38.058579820000034],[12.86890709700009,38.05133698100008],[12.869639519000089,38.04254791900007],[12.901133660000085,38.02806224200009],[12.944183790000068,38.032863674000055],[13.027354363000086,38.06240469000005],[13.061371290000068,38.08348216400009],[13.06967207100007,38.091131903000075],[13.071299675000091,38.09552643400008],[13.06617272200009,38.123032945000034],[13.056813998000052,38.13271719000005],[13.054698113000086,38.141831773000035],[13.089366082000083,38.166001695000034],[13.08375084700009,38.174709377000056],[13.08961022200009,38.18333567900004],[13.10092207100007,38.19009023600006],[13.112478061000047,38.19277578300006],[13.12240644600007,38.19098541900007],[13.156993035000085,38.179673570000034],[13.17937259200005,38.176214911000045],[13.207204623000052,38.17609284100007],[13.230316602000073,38.18463776200008],[13.239024285000085,38.207017320000034],[13.254405144000089,38.20254140800006],[13.265961134000065,38.20526764500005],[13.27702884200005,38.21043528900009],[13.29664147200009,38.21442291900007],[13.31023196700005,38.21954987200007],[13.31812584700009,38.22064850500004],[13.323252800000091,38.217962958000044],[13.326019727000073,38.204779364000046],[13.328379754000082,38.20018138200004],[13.366221550000091,38.179673570000034],[13.371918165000068,38.17279694200005],[13.373301629000082,38.140692450000074],[13.37671959700009,38.131293036000045],[13.391368035000085,38.103176174000055],[13.513519727000073,38.110541083000044],[13.541270379000082,38.09406159100007],[13.539317254000082,38.07684967700004],[13.540863477000073,38.06753164300005],[13.547373894000089,38.05621979400007],[13.557465040000068,38.04913971600007],[13.587087436000047,38.039129950000074],[13.62240644600007,38.01520416900007],[13.651133660000085,38.00096263200004],[13.697764519000089,37.99359772300005],[13.711924675000091,37.987941799000055],[13.707774285000085,37.98509349200009],[13.705088738000086,37.980454820000034],[13.726735873000052,37.980902411000045],[13.79078209700009,37.97361888200004],[13.812673373000052,37.97793203300006],[13.85718834700009,37.99673086100006],[13.898285352000073,38.00446198100008],[13.912282748000052,38.01264069200005],[13.924815300000091,38.02195872600004],[13.938487175000091,38.02887604400007],[14.00717207100007,38.038275458000044],[14.020518425000091,38.04938385600008],[14.062510613000086,38.03021881700005],[14.083262566000087,38.02383047100005],[14.106293165000068,38.02142975500004],[14.120941602000073,38.02260976800005],[14.151377800000091,38.02887604400007],[14.27320397200009,38.01512278900009],[14.331228061000047,38.018011786000045],[14.384613477000073,38.02952708500004],[14.431895379000082,38.04938385600008],[14.464121941000087,38.037176825000074],[14.511729363000086,38.04437897300005],[14.634613477000073,38.08148834800005],[14.66773522200009,38.09918854400007],[14.695974155000044,38.12103913000004],[14.73373457100007,38.15761953300006],[14.744802280000044,38.161363023000035],[14.777598504000082,38.15924713700008],[14.798106316000087,38.16034577000005],[14.874034050000091,38.17568594000005],[14.88803144600007,38.18260325700004],[14.907074415000068,38.18768952000005],[14.93531334700009,38.18593984600005],[14.94499759200005,38.18178945500006],[14.963063998000052,38.163397528000075],[14.969737175000091,38.15924713700008],[14.98178144600007,38.158270575000074],[15.007334832000083,38.15180084800005],[15.039073113000086,38.15330638200004],[15.049001498000052,38.15180084800005],[15.063243035000085,38.13568756700005],[15.068695509000065,38.131293036000045],[15.087901238000086,38.128241278000075],[15.105316602000073,38.13349030200004],[15.122569207000083,38.141058661000045],[15.17741946700005,38.156317450000074],[15.203298373000052,38.183294989000046],[15.240733269000089,38.24115631700005],[15.23609459700009,38.25104401200008],[15.240733269000089,38.26166413000004],[15.237152540000068,38.26479726800005],[15.243174675000091,38.26479726800005],[15.246348504000082,38.254339911000045],[15.240733269000089,38.23029205900008],[15.245371941000087,38.217230536000045],[15.25757897200009,38.210191148000035],[15.274180535000085,38.20750560100004],[15.291840040000068,38.207017320000034],[15.321055535000085,38.21088288000004],[15.399668816000087,38.23257070500006],[15.421885613000086,38.244574286000045],[15.433767123000052,38.253159898000035],[15.472911004000082,38.26780833500004],[15.512868686000047,38.29759349200009],[15.52865644600007,38.30263906500005],[15.559255405000044,38.300116278000075],[15.615977410000085,38.28021881700005],[15.651621941000087,38.27529531500005],[15.648285352000073,38.26675039300005],[15.642425977000073,38.26227448100008],[15.635,38.261024189296165],[15.635,38.27],[15.585,38.27],[15.585,38.241078571587515],[15.56967207100007,38.22695547100005]]],[[[12.342133009000065,37.91323476800005],[12.326182488000086,37.91836172100005],[12.31421959700009,37.92523834800005],[12.299652540000068,37.919256903000075],[12.287771030000044,37.921535549000055],[12.27865644600007,37.92918528900009],[12.27320397200009,37.939520575000074],[12.286957227000073,37.93854401200008],[12.305430535000085,37.944973049000055],[12.31421959700009,37.94635651200008],[12.321299675000091,37.94049713700008],[12.336761915000068,37.93305084800005],[12.354665561000047,37.926988023000035],[12.36882571700005,37.92523834800005],[12.357676629000082,37.914048570000034],[12.342133009000065,37.91323476800005]]],[[[12.072276238000086,37.96792226800005],[12.07789147200009,37.96010976800005],[12.079274936000047,37.95026276200008],[12.064789259000065,37.950832424000055],[12.047618035000085,37.96076080900008],[12.037119988000086,37.97370026200008],[12.030446811000047,37.984361070000034],[12.035980665000068,37.99103424700007],[12.053558790000068,37.99241771000004],[12.064463738000086,37.98623281500005],[12.072276238000086,37.96792226800005]]],[[[13.185720248000052,38.71751536700009],[13.195974155000044,38.71149323100008],[13.197438998000052,38.708319403000075],[13.176768425000091,38.693019924000055],[13.165212436000047,38.691066799000055],[13.153493686000047,38.69476959800005],[13.153086785000085,38.70229726800005],[13.15788821700005,38.709865627000056],[13.16928144600007,38.71727122600004],[13.185720248000052,38.71751536700009]]],[[[14.210134311000047,40.560980536000045],[14.25749759200005,40.556708075000074],[14.262136264000048,40.553981838000084],[14.254974806000064,40.54645416900007],[14.24618574300007,40.54389069200005],[14.237396681000064,40.54450104400007],[14.20834394600007,40.537949937000064],[14.195974155000044,40.54116445500006],[14.19857832100007,40.55849844000005],[14.210134311000047,40.560980536000045]]],[[[13.870127800000091,40.74872467700004],[13.862803582000083,40.76239655200004],[13.883148634000065,40.76239655200004],[13.946299675000091,40.74518463700008],[13.965830925000091,40.73505280200004],[13.96265709700009,40.728949286000045],[13.962412957000083,40.72313060100004],[13.965830925000091,40.715277411000045],[13.95866946700005,40.711818752000056],[13.94467207100007,40.701605536000045],[13.934825066000087,40.70563385600008],[13.919769727000073,40.70449453300006],[13.903493686000047,40.70001862200007],[13.890147332000083,40.69415924700007],[13.882009311000047,40.69953034100007],[13.859711134000065,40.70774974200009],[13.849131707000083,40.715277411000045],[13.856130405000044,40.73484935100004],[13.861501498000052,40.74404531500005],[13.870127800000091,40.74872467700004]]],[[[14.010590040000068,40.73981354400007],[14.005869988000086,40.74689362200007],[14.004730665000068,40.746934312000064],[14.003835483000046,40.74371979400007],[14.000987175000091,40.74396393400008],[14.006439649000072,40.75954824400009],[14.004079623000052,40.76219310100004],[14.013112826000054,40.769232489000046],[14.01767011800007,40.77029043200008],[14.021413608000046,40.76695384300007],[14.030690951000054,40.76426829600007],[14.035329623000052,40.759833075000074],[14.027191602000073,40.75967031500005],[14.021820509000065,40.75718821800007],[14.025889519000089,40.75031159100007],[14.019948764000048,40.750067450000074],[14.013519727000073,40.74754466400009],[14.017100457000083,40.73725006700005],[14.010590040000068,40.73981354400007]]],[[[13.414724155000044,40.78587474200009],[13.418955925000091,40.79559967700004],[13.424164259000065,40.80023834800005],[13.431976759000065,40.80145905200004],[13.426931186000047,40.79083893400008],[13.414724155000044,40.78587474200009]]],[[[12.96648196700005,40.89305247600004],[12.95834394600007,40.88198476800005],[12.951996290000068,40.88153717700004],[12.94890384200005,40.88568756700005],[12.949961785000085,40.89089590100008],[12.947845899000072,40.89557526200008],[12.942067905000044,40.89980703300006],[12.948496941000087,40.91791413000004],[12.954356316000087,40.92177969000005],[12.96452884200005,40.925482489000046],[12.96810957100007,40.93195221600007],[12.98218834700009,40.937567450000074],[12.98959394600007,40.93650950700004],[12.991791212000066,40.93317291900007],[12.980397983000046,40.92837148600006],[12.968597852000073,40.91946035400008],[12.960948113000086,40.903225002000056],[12.963226759000065,40.89801666900007],[12.966319207000083,40.89545319200005],[12.96648196700005,40.89305247600004]]],[[[12.849131707000083,40.92820872600004],[12.851573113000086,40.941392320000034],[12.85482832100007,40.94468821800007],[12.853119337000066,40.94798411700003],[12.857269727000073,40.95001862200007],[12.860443556000064,40.94830963700008],[12.861664259000065,40.93069082200009],[12.850433790000068,40.92601146000004],[12.849131707000083,40.92820872600004]]],[[[13.053477410000085,40.96523672100005],[13.049978061000047,40.96694570500006],[13.053558790000068,40.97435130400004],[13.06218509200005,40.97553131700005],[13.060964389000048,40.96523672100005],[13.053477410000085,40.96523672100005]]],[[[11.091319207000083,42.25177643400008],[11.09384199300007,42.26015859600005],[11.100026889000048,42.26048411700003],[11.104665561000047,42.263332424000055],[11.110524936000047,42.26121653900009],[11.112478061000047,42.25287506700005],[11.108246290000068,42.25523509300007],[11.102386915000068,42.25429922100005],[11.106455925000091,42.23777903900009],[11.095225457000083,42.24327220300006],[11.091319207000083,42.25177643400008]]],[[[10.297048373000052,42.34487539300005],[10.30640709700009,42.351548570000034],[10.315928582000083,42.34076569200005],[10.313243035000085,42.323919989000046],[10.294444207000083,42.32802969000005],[10.297048373000052,42.34487539300005]]],[[[10.876368251000088,42.37443936400007],[10.875824415000068,42.386786200000074],[10.882985873000052,42.39215729400007],[10.89584394600007,42.386704820000034],[10.913460071000088,42.37524135100006],[10.92730742000009,42.35330133300005],[10.929557895000073,42.340560131000075],[10.939764452000077,42.33065971000008],[10.92333095500004,42.31872803200008],[10.908946160000085,42.32526276200008],[10.87170165100008,42.35405211200003],[10.861827019000089,42.36627838700008],[10.876368251000088,42.37443936400007]]],[[[13.554942254000082,45.36107005400004],[13.554942254000082,45.36733633000006],[13.543142123000052,45.376166083000044],[13.51335696700005,45.43622467700004],[13.520762566000087,45.443019924000055],[13.515635613000086,45.448146877000056],[13.517832879000082,45.44977448100008],[13.520762566000087,45.45726146000004],[13.504567905000044,45.48387278900009],[13.501475457000083,45.49860260600008],[13.507090691000087,45.51190827000005],[13.51335696700005,45.51190827000005],[13.52312259200005,45.50625234600005],[13.568614129000082,45.49079010600008],[13.58952884200005,45.48883698100008],[13.591644727000073,45.49310944200005],[13.589121941000087,45.501613674000055],[13.595957879000082,45.51190827000005],[13.595957879000082,45.51813385600008],[13.586192254000082,45.51947663000004],[13.578623894000089,45.52338288000004],[13.572764519000089,45.52997467700004],[13.568614129000082,45.53925202000005],[13.58961022200009,45.53579336100006],[13.752940300000091,45.55288320500006],[13.752940300000091,45.55906810100004],[13.742360873000052,45.56976959800005],[13.711761915000068,45.59320709800005],[13.73015384200005,45.61310455900008],[13.757009311000047,45.61367422100005],[13.78687584700009,45.61115143400008],[13.808116082000083,45.61432526200008],[13.795583530000044,45.61701080900008],[13.78646894600007,45.624335028000075],[13.77711022200009,45.63544342700004],[13.739268425000091,45.64911530200004],[13.757660352000073,45.65497467700004],[13.75367272200009,45.672308661000045],[13.739105665000068,45.69159577000005],[13.72624759200005,45.70376211100006],[13.647308790000068,45.76203034100007],[13.628916863000086,45.77260976800005],[13.574229363000086,45.78961823100008],[13.551280144000089,45.79242584800005],[13.534434441000087,45.78204987200007],[13.524180535000085,45.76007721600007],[13.528330925000091,45.74054596600007],[13.554942254000082,45.737209377000056],[13.518402540000068,45.72483958500004],[13.507823113000086,45.71442291900007],[13.48023522200009,45.71067942900004],[13.469248894000089,45.70685455900008],[13.451670769000089,45.693793036000045],[13.427989129000082,45.68113841400009],[13.40170332100007,45.675441799000055],[13.37671959700009,45.68317291900007],[13.390961134000065,45.68577708500004],[13.409190300000091,45.69131094000005],[13.424815300000091,45.698553778000075],[13.43140709700009,45.70685455900008],[13.422618035000085,45.72406647300005],[13.381683790000068,45.73004791900007],[13.369395379000082,45.74461497600004],[13.351817254000082,45.740301825000074],[13.254893425000091,45.75604889500005],[13.24586022200009,45.75893789300005],[13.221853061000047,45.77606842700004],[13.215505405000044,45.77879466400009],[13.204925977000073,45.77773672100005],[13.169444207000083,45.768744208000044],[13.157725457000083,45.75458405200004],[13.149668816000087,45.75153229400007],[13.139821811000047,45.75486888200004],[13.131358269000089,45.768866278000075],[13.119313998000052,45.77195872600004],[13.110850457000083,45.767645575000074],[13.108164910000085,45.75820547100005],[13.111827019000089,45.74884674700007],[13.122894727000073,45.74461497600004],[13.122894727000073,45.737209377000056],[13.100596550000091,45.73623281500005],[13.080577019000089,45.72760651200008],[13.069590691000087,45.71369049700007],[13.075043165000068,45.69684479400007],[13.09148196700005,45.68919505400004],[13.111664259000065,45.69135163000004],[13.149668816000087,45.70376211100006],[13.13803144600007,45.68939850500004],[13.103037957000083,45.66901276200008],[13.095550977000073,45.65216705900008],[13.084971550000091,45.641913153000075],[13.060557488000086,45.63666413000004],[12.981700066000087,45.634833075000074],[12.943858269000089,45.628566799000055],[12.780772332000083,45.55353424700007],[12.611664259000065,45.496161200000074],[12.512705925000091,45.47044505400004],[12.487803582000083,45.456732489000046],[12.451426629000082,45.450425523000035],[12.423675977000073,45.43805573100008],[12.410329623000052,45.43622467700004],[12.418223504000082,45.45111725500004],[12.429209832000083,45.46401601800005],[12.435801629000082,45.47492096600007],[12.430918816000087,45.484035549000055],[12.440603061000047,45.48297760600008],[12.447276238000086,45.48432038000004],[12.451019727000073,45.48899974200003],[12.451426629000082,45.49823639500005],[12.458181186000047,45.49823639500005],[12.462901238000086,45.48973216400009],[12.466970248000052,45.485581773000035],[12.471934441000087,45.48590729400007],[12.478688998000052,45.49079010600008],[12.465017123000052,45.50446198100008],[12.487152540000068,45.50409577000005],[12.497325066000087,45.506740627000056],[12.499196811000047,45.50446198100008],[12.499847852000073,45.505845445000034],[12.503184441000087,45.50287506700005],[12.506602410000085,45.49823639500005],[12.492930535000085,45.49823639500005],[12.492930535000085,45.49079010600008],[12.515147332000083,45.49274323100008],[12.520518425000091,45.50503164300005],[12.521494988000086,45.51898834800005],[12.530446811000047,45.52558014500005],[12.548106316000087,45.527004299000055],[12.562510613000086,45.53164297100005],[12.57357832100007,45.54002513200004],[12.58171634200005,45.55288320500006],[12.56967207100007,45.54938385600008],[12.544200066000087,45.53656647300005],[12.537282748000052,45.53583405200004],[12.518321160000085,45.54995351800005],[12.510508660000085,45.55906810100004],[12.506602410000085,45.57330963700008],[12.485199415000068,45.56500885600008],[12.458506707000083,45.54832591400009],[12.441905144000089,45.53034088700008],[12.451426629000082,45.51813385600008],[12.451426629000082,45.51190827000005],[12.43490644600007,45.51235586100006],[12.41773522200009,45.52358633000006],[12.410329623000052,45.51813385600008],[12.403575066000087,45.51813385600008],[12.396739129000082,45.53925202000005],[12.38412519600007,45.52301666900007],[12.39039147200009,45.51398346600007],[12.424001498000052,45.50446198100008],[12.424001498000052,45.49823639500005],[12.411631707000083,45.49331289300005],[12.393402540000068,45.49164459800005],[12.38054446700005,45.49477773600006],[12.383067254000082,45.50446198100008],[12.350433790000068,45.50486888200004],[12.309580925000091,45.48891836100006],[12.272715691000087,45.46360911700003],[12.252696160000085,45.43622467700004],[12.252696160000085,45.42999909100007],[12.258962436000047,45.42999909100007],[12.250010613000086,45.42072174700007],[12.246104363000086,45.411322333000044],[12.248545769000089,45.40253327000005],[12.258962436000047,45.39520905200004],[12.249196811000047,45.38548411700003],[12.24740644600007,45.378241278000075],[12.248057488000086,45.37099844000005],[12.245290561000047,45.36107005400004],[12.237803582000083,45.35773346600007],[12.22828209700009,45.357489325000074],[12.223806186000047,45.353949286000045],[12.23218834700009,45.34056224200003],[12.220876498000052,45.327053127000056],[12.216319207000083,45.31622955900008],[12.20875084700009,45.30906810100004],[12.187510613000086,45.30646393400008],[12.174327019000089,45.310532945000034],[12.162933790000068,45.31622955900008],[12.154470248000052,45.31346263200004],[12.149099155000044,45.292181708000044],[12.15984134200005,45.28310781500005],[12.168793165000068,45.262152411000045],[12.180674675000091,45.25804271000004],[12.191661004000082,45.262884833000044],[12.199392123000052,45.274603583000044],[12.201914910000085,45.288316148000035],[12.197438998000052,45.29962799700007],[12.217295769000089,45.293850002000056],[12.221446160000085,45.283270575000074],[12.220550977000073,45.268784898000035],[12.224864129000082,45.251166083000044],[12.213877800000091,45.248114325000074],[12.211110873000052,45.24298737200007],[12.215179884000065,45.23680247600004],[12.224864129000082,45.23069896000004],[12.221364780000044,45.21625397300005],[12.230479363000086,45.20425039300005],[12.247325066000087,45.196926174000055],[12.266368035000085,45.196600653000075],[12.263519727000073,45.20034414300005],[12.258962436000047,45.202826239000046],[12.273692254000082,45.21084219000005],[12.296071811000047,45.226629950000074],[12.307302280000044,45.23069896000004],[12.298024936000047,45.21539948100008],[12.303965691000087,45.20075104400007],[12.315114780000044,45.18646881700005],[12.321055535000085,45.17234935100004],[12.32195071700005,45.138739325000074],[12.328461134000065,45.10101959800005],[12.307302280000044,45.107855536000045],[12.308441602000073,45.114447333000044],[12.307302280000044,45.12836334800005],[12.297373894000089,45.106350002000056],[12.296722852000073,45.08856842700004],[12.306651238000086,45.078558661000045],[12.328461134000065,45.07990143400008],[12.325205925000091,45.083685614000046],[12.321055535000085,45.09357330900008],[12.340830925000091,45.08144765800006],[12.353037957000083,45.06696198100008],[12.363291863000086,45.05219147300005],[12.376231316000087,45.03896719000005],[12.376231316000087,45.03217194200005],[12.368337436000047,45.03115469000005],[12.35515384200005,45.024644273000035],[12.36882571700005,45.010972398000035],[12.383555535000085,45.02643463700008],[12.386566602000073,45.038763739000046],[12.38062584700009,45.05093008000006],[12.36882571700005,45.065619208000044],[12.383311394000089,45.056341864000046],[12.401377800000091,45.04987213700008],[12.41342207100007,45.04287344000005],[12.410329623000052,45.03217194200005],[12.426280144000089,45.02000560100004],[12.444590691000087,45.010972398000035],[12.464691602000073,44.99201080900008],[12.486175977000073,44.97650788000004],[12.499196811000047,44.983710028000075],[12.48609459700009,44.983710028000075],[12.48609459700009,44.99115631700005],[12.502614780000044,44.991441148000035],[12.516774936000047,44.987616278000075],[12.527598504000082,44.980169989000046],[12.533864780000044,44.970038153000075],[12.53296959700009,44.96084219000005],[12.52312259200005,44.95001862200007],[12.52702884200005,44.943345445000034],[12.518809441000087,44.93378327000005],[12.512705925000091,44.922308661000045],[12.499034050000091,44.92145416900007],[12.494883660000085,44.91046784100007],[12.492930535000085,44.878159898000035],[12.487315300000091,44.86225006700005],[12.474131707000083,44.845770575000074],[12.444590691000087,44.82050202000005],[12.438731316000087,44.83490631700005],[12.432139519000089,44.84601471600007],[12.424001498000052,44.85464101800005],[12.43921959700009,44.87759023600006],[12.44304446700005,44.89008209800005],[12.438324415000068,44.90110911700003],[12.426931186000047,44.90497467700004],[12.415537957000083,44.89984772300005],[12.406911655000044,44.89130280200004],[12.392100457000083,44.868394273000035],[12.391612175000091,44.85883209800005],[12.416514519000089,44.85114166900007],[12.415863477000073,44.84357330900008],[12.408213738000086,44.83624909100007],[12.396739129000082,44.83348216400009],[12.396739129000082,44.82664622600004],[12.424001498000052,44.82050202000005],[12.416188998000052,44.80329010600008],[12.397959832000083,44.79376862200007],[12.375661655000044,44.792222398000035],[12.357432488000086,44.80414459800005],[12.346853061000047,44.815334377000056],[12.321055535000085,44.83348216400009],[12.302989129000082,44.84292226800005],[12.29232832100007,44.84324778900009],[12.266368035000085,44.82664622600004],[12.266368035000085,44.82050202000005],[12.280039910000085,44.82050202000005],[12.25359134200005,44.751288153000075],[12.246592644000089,44.71161530200004],[12.252696160000085,44.668402411000045],[12.265879754000082,44.63617584800005],[12.274912957000083,44.62051015800006],[12.283457879000082,44.61375560100004],[12.285817905000044,44.60268789300005],[12.280039910000085,44.53188711100006],[12.283702019000089,44.487616278000075],[12.31421959700009,44.38719310100004],[12.318207227000073,44.36115143400008],[12.321055535000085,44.35370514500005],[12.325450066000087,44.34780508000006],[12.33920332100007,44.33429596600007],[12.342133009000065,44.32949453300006],[12.344248894000089,44.308294989000046],[12.350271030000044,44.28815338700008],[12.36882571700005,44.25067780200004],[12.38998457100007,44.222723700000074],[12.417165561000047,44.19546133000006],[12.458018425000091,44.16640859600005],[12.478770379000082,44.13934967700004],[12.510915561000047,44.114569403000075],[12.547373894000089,44.093451239000046],[12.574229363000086,44.085598049000055],[12.631358269000089,44.03009674700007],[12.660899285000085,44.00828685100004],[12.691579623000052,43.99062734600005],[12.71029707100007,43.98289622600004],[12.756114129000082,43.971869208000044],[12.803965691000087,43.966864325000074],[12.823008660000085,43.95856354400007],[12.862152540000068,43.93537018400008],[12.928884311000047,43.91583893400008],[12.938649936000047,43.90460846600007],[12.947276238000086,43.89760976800005],[13.25326582100007,43.703192450000074],[13.370127800000091,43.650458075000074],[13.389821811000047,43.644598700000074],[13.399668816000087,43.635646877000056],[13.44662519600007,43.62372467700004],[13.473399285000085,43.61200592700004],[13.483164910000085,43.61627838700008],[13.490733269000089,43.62360260600008],[13.504405144000089,43.63275788000004],[13.510264519000089,43.63373444200005],[13.516123894000089,43.631740627000056],[13.521006707000083,43.622707424000055],[13.543223504000082,43.61322663000004],[13.557790561000047,43.59674713700008],[13.569183790000068,43.58030833500004],[13.578868035000085,43.57290273600006],[13.597911004000082,43.569525458000044],[13.615570509000065,43.56049225500004],[13.624522332000083,43.54718659100007],[13.61695397200009,43.531317450000074],[13.760264519000089,43.263739325000074],[13.780284050000091,43.23651764500005],[13.786631707000083,43.20058828300006],[13.79078209700009,43.19208405200004],[13.802744988000086,43.17820872600004],[13.834808790000068,43.12726471600007],[13.848643425000091,43.09174225500004],[13.865407748000052,43.00731028900009],[13.94467207100007,42.79828522300005],[13.980479363000086,42.73037344000005],[14.001231316000087,42.698431708000044],[14.063243035000085,42.62482330900008],[14.068858269000089,42.60956452000005],[14.075368686000047,42.598822333000044],[14.220550977000073,42.47016022300005],[14.284190300000091,42.42829010600008],[14.356211785000085,42.39297109600005],[14.387380405000044,42.37295156500005],[14.42904707100007,42.32172272300005],[14.56023196700005,42.22565338700008],[14.595876498000052,42.20856354400007],[14.653493686000047,42.191066799000055],[14.693695509000065,42.18537018400008],[14.709239129000082,42.175482489000046],[14.717051629000082,42.16006094000005],[14.722829623000052,42.118801174000055],[14.729502800000091,42.09910716400009],[14.740733269000089,42.08462148600006],[14.75749759200005,42.07884349200003],[14.780121290000068,42.07526276200008],[14.799815300000091,42.06635163000004],[14.835459832000083,42.044134833000044],[14.871104363000086,42.03180573100008],[14.951996290000068,42.02106354400007],[14.993662957000083,42.010646877000056],[15.007334832000083,42.00136953300006],[15.03451582100007,41.974595445000034],[15.045176629000082,41.96898021000004],[15.063161655000044,41.96430084800005],[15.104340040000068,41.94188060100004],[15.123383009000065,41.93427155200004],[15.16537519600007,41.927801825000074],[15.281748894000089,41.92804596600007],[15.400563998000052,41.90778229400007],[15.446055535000085,41.90692780200004],[15.611338738000086,41.92804596600007],[15.774424675000091,41.921210028000075],[16.02711022200009,41.94407786700003],[16.110850457000083,41.92804596600007],[16.111989780000044,41.92633698100008],[16.140472852000073,41.919907945000034],[16.160899285000085,41.892645575000074],[16.179209832000083,41.89329661700003],[16.176036004000082,41.877386786000045],[16.183604363000086,41.85846588700008],[16.192230665000068,41.82135651200008],[16.192881707000083,41.79092031500005],[16.184336785000085,41.77960846600007],[16.166677280000044,41.76341380400004],[16.145762566000087,41.74884674700007],[16.127614780000044,41.74249909100007],[16.10718834700009,41.737616278000075],[16.089691602000073,41.72601959800005],[16.063161655000044,41.70148346600007],[16.027517123000052,41.67991771000004],[15.925303582000083,41.64004140800006],[15.90007571700005,41.61465078300006],[15.891368035000085,41.57684967700004],[15.896332227000073,41.536444403000075],[15.91179446700005,41.50287506700005],[15.933604363000086,41.47943756700005],[15.961110873000052,41.45945872600004],[16.021657748000052,41.427801825000074],[16.085134311000047,41.41266510600008],[16.100352410000085,41.403550523000035],[16.114105665000068,41.39288971600007],[16.301442905000044,41.32786692900004],[16.46029707100007,41.26264069200005],[16.520681186000047,41.25014883000006],[16.538584832000083,41.23940664300005],[16.55437259200005,41.22748444200005],[16.593923373000052,41.20697663000004],[16.83057701900009,41.14630768400008],[16.851410352000073,41.13296133000006],[16.858164910000085,41.13296133000006],[16.858164910000085,41.14036692900004],[16.864431186000047,41.14036692900004],[16.88526451900009,41.12396881700005],[17.05713951900009,41.08185455900008],[17.203135613000086,41.02098216400009],[17.27637780000009,40.98021067900004],[17.310069207000083,40.954779364000046],[17.347911004000082,40.912095445000034],[17.361175977000073,40.90639883000006],[17.377696160000085,40.90228913000004],[17.413584832000083,40.88108958500004],[17.476084832000083,40.830145575000074],[17.49195397200009,40.82444896000004],[17.51221764400009,40.820298570000034],[17.548350457000083,40.801947333000044],[17.63453209700009,40.78497955900008],[17.645274285000085,40.77977122600004],[17.748383009000065,40.74762604400007],[17.843923373000052,40.69415924700007],[17.921885613000086,40.68301015800006],[17.955821160000085,40.67047760600008],[17.954925977000073,40.646918036000045],[17.966319207000083,40.64679596600007],[17.99195397200009,40.65314362200007],[18.007009311000047,40.65070221600007],[18.01107832100007,40.644191799000055],[18.01148522200009,40.63523997600004],[18.015798373000052,40.62518952000005],[18.039235873000052,40.60822174700007],[18.043223504000082,40.601996161000045],[18.037445509000065,40.55695221600007],[18.119965040000068,40.50458405200004],[18.211680535000085,40.46474844000005],[18.23145592500009,40.461371161000045],[18.238291863000086,40.45766836100006],[18.25879967500009,40.43065013200004],[18.270192905000044,40.421210028000075],[18.30323326900009,40.39988841400009],[18.32911217500009,40.36668528900009],[18.343760613000086,40.351629950000074],[18.361501498000052,40.34528229400007],[18.37045332100007,40.33869049700007],[18.43726647200009,40.26788971600007],[18.500010613000086,40.15249258000006],[18.504242384000065,40.14642975500004],[18.50945071700005,40.141831773000035],[18.51612389400009,40.13922760600008],[18.51107832100007,40.12759023600006],[18.517425977000073,40.114162502000056],[18.51612389400009,40.10447825700004],[18.508067254000082,40.09454987200007],[18.49187259200005,40.08466217700004],[18.483571811000047,40.05516185100004],[18.47038821700005,40.04344310100004],[18.43409264400009,40.02252838700008],[18.411387566000087,39.97882721600007],[18.40788821700005,39.96849192900004],[18.40406334700009,39.94749583500004],[18.394786004000082,39.92560455900008],[18.392588738000086,39.916083075000074],[18.399668816000087,39.890326239000046],[18.40007571700005,39.878566799000055],[18.38648522200009,39.82534414300005],[18.38917076900009,39.81708405200004],[18.383962436000047,39.81391022300005],[18.373708530000044,39.79979075700004],[18.368337436000047,39.79661692900004],[18.346527540000068,39.798041083000044],[18.330414259000065,39.80341217700004],[18.282074415000068,39.833197333000044],[18.265635613000086,39.837591864000046],[18.22437584700009,39.837591864000046],[18.211273634000065,39.83934153900009],[18.18653405000009,39.85187409100007],[18.16187584700009,39.860541083000044],[18.13062584700009,39.88349030200004],[18.09424889400009,39.90273672100005],[18.080902540000068,39.90643952000005],[18.071543816000087,39.91152578300006],[18.007334832000083,39.98607005400004],[17.995371941000087,39.99526601800005],[17.995371941000087,40.00267161700009],[18.01107832100007,40.00336334800005],[18.020274285000085,40.010199286000045],[18.022146030000044,40.02167389500005],[18.015798373000052,40.03620026200008],[18.005137566000087,40.04486725500004],[17.978363477000073,40.051662502000056],[17.967458530000044,40.05731842700004],[18.00294030000009,40.07444896000004],[18.010996941000087,40.09601471600007],[17.997243686000047,40.120428778000075],[17.967458530000044,40.14606354400007],[17.940684441000087,40.16303131700005],[17.926036004000082,40.17625560100004],[17.91960696700005,40.190741278000075],[17.919200066000087,40.20994700700004],[17.91700280000009,40.22687409100007],[17.91114342500009,40.240301825000074],[17.899668816000087,40.24909088700008],[17.912771030000044,40.24909088700008],[17.912771030000044,40.25531647300005],[17.863129102000073,40.28563060100004],[17.847666863000086,40.29002513200004],[17.512054884000065,40.30369700700004],[17.49390709700009,40.30744049700007],[17.44044030000009,40.33100006700005],[17.430430535000085,40.33161041900007],[17.40951582100007,40.33002350500004],[17.39942467500009,40.33100006700005],[17.392100457000083,40.33502838700008],[17.37468509200005,40.34857819200005],[17.36817467500009,40.35150788000004],[17.35124759200005,40.354803778000075],[17.296397332000083,40.37946198100008],[17.24000084700009,40.39533112200007],[17.212901238000086,40.40619538000004],[17.20020592500009,40.42039622600004],[17.223480665000068,40.42841217700004],[17.243011915000068,40.441392320000034],[17.247894727000073,40.45734284100007],[17.22754967500009,40.47443268400008],[17.24740644600007,40.48029205900008],[17.295746290000068,40.47321198100008],[17.316254102000073,40.48187897300005],[17.32325280000009,40.498480536000045],[17.30404707100007,40.49945709800005],[17.261729363000086,40.488714911000045],[17.26856530000009,40.496161200000074],[17.24740644600007,40.502834377000056],[17.22901451900009,40.49689362200007],[17.21070397200009,40.48700592700004],[17.18995201900009,40.48187897300005],[17.181813998000052,40.48529694200005],[17.171722852000073,40.50226471600007],[17.166188998000052,40.50918203300006],[17.15601647200009,40.51239655200004],[17.133474155000044,40.51264069200005],[17.124522332000083,40.515326239000046],[17.049571160000085,40.51911041900007],[16.976084832000083,40.492621161000045],[16.912119988000086,40.44521719000005],[16.782725457000083,40.30158112200007],[16.76140384200005,40.269598700000074],[16.737559441000087,40.211004950000074],[16.730723504000082,40.20066966400009],[16.715993686000047,40.19358958500004],[16.67945397200009,40.14606354400007],[16.624522332000083,40.10797760600008],[16.604746941000087,40.08445872600004],[16.596934441000087,40.04677969000005],[16.59937584700009,40.03412506700005],[16.613617384000065,39.99664948100008],[16.631602410000085,39.96621328300006],[16.621755405000044,39.953558661000045],[16.605479363000086,39.94293854400007],[16.58920332100007,39.91982656500005],[16.542246941000087,39.88540273600006],[16.508148634000065,39.837591864000046],[16.491709832000083,39.80548737200007],[16.489756707000083,39.77521393400008],[16.502126498000052,39.74705638200004],[16.528575066000087,39.72150299700007],[16.528575066000087,39.71466705900008],[16.515635613000086,39.68960195500006],[16.54590905000009,39.66087474200009],[16.59148196700005,39.636786200000074],[16.624847852000073,39.62531159100007],[16.74976647200009,39.620021877000056],[16.782481316000087,39.61163971600007],[16.798106316000087,39.60346100500004],[16.81609134200005,39.591050523000035],[16.830902540000068,39.576157945000034],[16.837168816000087,39.56045156500005],[16.84620201900009,39.55267975500004],[16.90601647200009,39.529730536000045],[16.952972852000073,39.499212958000044],[16.970876498000052,39.49494049700007],[16.995371941000087,39.49274323100008],[17.01148522200009,39.48615143400008],[17.023448113000086,39.47540924700007],[17.035817905000044,39.46076080900008],[17.05713951900009,39.44163646000004],[17.088552280000044,39.42259349200009],[17.124196811000047,39.40900299700007],[17.15870201900009,39.40619538000004],[17.122243686000047,39.338324286000045],[17.11491946700005,39.28278229400007],[17.114512566000087,39.26935455900008],[17.11768639400009,39.25600820500006],[17.12476647200009,39.24461497600004],[17.142100457000083,39.222316799000055],[17.145681186000047,39.21067942900004],[17.14039147200009,39.178900458000044],[17.122243686000047,39.12103913000004],[17.124522332000083,39.09088776200008],[17.147959832000083,39.05418528900009],[17.151866082000083,39.04588450700004],[17.158457879000082,39.04047272300005],[17.192556186000047,39.03107330900008],[17.20639082100007,39.02948639500005],[17.18685957100007,39.01902903900009],[17.176605665000068,39.01211172100005],[17.17237389400009,39.005194403000075],[17.17156009200005,38.966009833000044],[17.17237389400009,38.96051666900007],[17.138845248000052,38.936712958000044],[17.135020379000082,38.93260325700004],[17.127696160000085,38.92877838700008],[17.11890709700009,38.91966380400004],[17.10401451900009,38.89907461100006],[17.094981316000087,38.919134833000044],[17.070567254000082,38.92279694200005],[17.042246941000087,38.91624583500004],[17.02198326900009,38.905951239000046],[16.996348504000082,38.92951080900008],[16.981293165000068,38.937201239000046],[16.957286004000082,38.94009023600006],[16.935069207000083,38.938706773000035],[16.838552280000044,38.91819896000004],[16.727793816000087,38.87885163000004],[16.687754754000082,38.85586172100005],[16.670746290000068,38.84064362200007],[16.610606316000087,38.81655508000006],[16.58562259200005,38.79783763200004],[16.574392123000052,38.78506094000005],[16.563731316000087,38.756740627000056],[16.550954623000052,38.741400458000044],[16.53882897200009,38.72333405200004],[16.53484134200005,38.69989655200004],[16.546885613000086,38.69318268400008],[16.549082879000082,38.68992747600004],[16.54851321700005,38.67206452000005],[16.558848504000082,38.59601471600007],[16.576996290000068,38.528550523000035],[16.57715905000009,38.50287506700005],[16.569590691000087,38.42951080900008],[16.561371290000068,38.41632721600007],[16.52198326900009,38.387152411000045],[16.508148634000065,38.371527411000045],[16.497569207000083,38.36928945500006],[16.467051629000082,38.34870026200008],[16.435069207000083,38.33999258000006],[16.339854363000086,38.300848700000074],[16.30632571700005,38.27708567900004],[16.169444207000083,38.14321523600006],[16.151866082000083,38.11082591400009],[16.12549889400009,38.00482819200005],[16.110850457000083,37.97361888200004],[16.10132897200009,37.96051666900007],[16.090017123000052,37.949204820000034],[16.07715905000009,37.939886786000045],[16.063161655000044,37.93268463700008],[16.015879754000082,37.924709377000056],[16.00098717500009,37.91901276200008],[15.942149285000085,37.93309153900009],[15.76148522200009,37.92523834800005],[15.734873894000089,37.930975653000075],[15.708262566000087,37.94098541900007],[15.684418165000068,37.95351797100005],[15.66578209700009,37.966864325000074],[15.645518425000091,37.988348700000074],[15.635101759000065,38.009100653000075],[15.63835696700005,38.02773672100005],[15.658457879000082,38.04254791900007],[15.632660352000073,38.074204820000034],[15.624034050000091,38.09210846600007],[15.627452019000089,38.10736725500004],[15.641612175000091,38.12592194200005],[15.64779707100007,38.14313385600008],[15.646494988000086,38.162095445000034],[15.637950066000087,38.18593984600005],[15.635,38.205700606085934],[15.635,38.222828652691234],[15.650563998000052,38.24103424700007],[15.684255405000044,38.253119208000044],[15.78646894600007,38.27802155200004],[15.795664910000085,38.28554922100005],[15.798675977000073,38.290716864000046],[15.812836134000065,38.30060455900008],[15.81617272200009,38.30605703300006],[15.82976321700005,38.35101959800005],[15.904795769000089,38.473944403000075],[15.917816602000073,38.516791083000044],[15.916026238000086,38.55036041900007],[15.90007571700005,38.57827383000006],[15.87077884200005,38.60423411700009],[15.849945509000065,38.613348700000074],[15.844004754000082,38.61790599200009],[15.835459832000083,38.628241278000075],[15.83366946700005,38.63377513200004],[15.836599155000044,38.64899323100008],[15.844493035000085,38.66038646000004],[15.863129102000073,38.66828034100007],[15.904795769000089,38.679388739000046],[15.968028191000087,38.712591864000046],[16.002614780000044,38.72540924700007],[16.048838738000086,38.727728583000044],[16.12086022200009,38.72093333500004],[16.135996941000087,38.723822333000044],[16.152598504000082,38.730902411000045],[16.179209832000083,38.74827708500004],[16.20093834700009,38.77643463700008],[16.215098504000082,38.814154364000046],[16.22169030000009,38.85659414300005],[16.22006269600007,38.89907461100006],[16.214691602000073,38.91901276200008],[16.204600457000083,38.93406810100004],[16.189626498000052,38.94354889500005],[16.16895592500009,38.94684479400007],[16.154307488000086,38.95502350500004],[16.13965905000009,38.97378164300005],[16.08301842500009,39.07526276200008],[16.04200280000009,39.310614325000074],[16.03402716100004,39.34524176800005],[15.995396030000052,39.438768236000044],[15.958075525000083,39.47756361200004],[15.933116082000083,39.513657945000034],[15.904795769000089,39.53595612200007],[15.876231316000087,39.55145905200004],[15.867523634000065,39.56391022300005],[15.859716355000046,39.58876446000005],[15.836599155000044,39.65265534100007],[15.815684441000087,39.678900458000044],[15.80640709700009,39.69550202000005],[15.78874759200005,39.79661692900004],[15.78874759200005,39.790350653000075],[15.783946160000085,39.81000397300005],[15.778819207000083,39.82013580900008],[15.771332227000073,39.82453034100007],[15.769704623000052,39.830145575000074],[15.781911655000044,39.86859772300005],[15.774424675000091,39.89109935100004],[15.74154707100007,39.92959219000005],[15.73414147200009,39.94375234600005],[15.728037957000083,39.964178778000075],[15.713145379000082,39.98102448100008],[15.678884311000047,40.00885651200008],[15.651621941000087,40.04364655200004],[15.630381707000083,40.05768463700008],[15.62468509200005,40.064886786000045],[15.624278191000087,40.077785549000055],[15.610199415000068,40.07318756700005],[15.53492272200009,40.077785549000055],[15.513127170000075,40.067680206000034],[15.49531187100007,40.04671893700004],[15.459808790000068,40.029364325000074],[15.429601880000064,39.99979266000008],[15.410099591000062,39.99396986000005],[15.360943483000085,39.998890575000075],[15.343159872000058,40.00414865200008],[15.314300977000073,40.03375885600008],[15.302744988000086,40.03620026200008],[15.283050977000073,40.02985260600008],[15.272227410000085,40.02875397300005],[15.261241082000083,40.029364325000074],[15.261241082000083,40.03620026200008],[15.279144727000073,40.04767487200007],[15.26343834700009,40.07371653900009],[15.233897332000083,40.10000234600005],[15.209646030000044,40.11188385600008],[15.189952019000089,40.119126695000034],[15.127207879000082,40.169623114000046],[15.112803582000083,40.17479075700004],[15.095876498000052,40.173081773000035],[15.065684441000087,40.16657135600008],[15.047211134000065,40.16893138200004],[15.03492272200009,40.17536041900007],[15.02280382400005,40.195626867000044],[15.003122129000076,40.210258570000065],[14.975904024000045,40.219313312000054],[14.966319207000083,40.22455475500004],[14.957087508000086,40.231549930000085],[14.93813785900005,40.22783932200008],[14.922129754000082,40.23802317900004],[14.911143425000091,40.24164459800005],[14.906911655000044,40.25861237200007],[14.931895379000082,40.28554922100005],[14.93913821700005,40.307074286000045],[14.932383660000085,40.324286200000074],[14.932383660000085,40.33372630400004],[14.942149285000085,40.33783600500004],[14.953949415000068,40.339911200000074],[14.964366082000083,40.34516022300005],[14.972911004000082,40.351996161000045],[14.994489870000052,40.35843381300003],[15.000432928000066,40.36882818300006],[14.998266587000046,40.39755866100006],[14.97592207100007,40.43146393400008],[14.888845248000052,40.57306549700007],[14.861501498000052,40.60716380400004],[14.835459832000083,40.63263580900008],[14.809743686000047,40.65298086100006],[14.781993035000085,40.66986725500004],[14.752207879000082,40.67670319200005],[14.719981316000087,40.66681549700007],[14.690440300000091,40.64911530200004],[14.678070509000065,40.64663320500006],[14.625743035000085,40.64907461100006],[14.613291863000086,40.64590078300006],[14.571299675000091,40.61774323100008],[14.544200066000087,40.61359284100007],[14.516368035000085,40.61985911700009],[14.486582879000082,40.63263580900008],[14.471364780000044,40.624660549000055],[14.422048373000052,40.61554596600007],[14.401540561000047,40.60211823100008],[14.355804884000065,40.583644924000055],[14.342621290000068,40.57062409100007],[14.32984459700009,40.58445872600004],[14.327972852000073,40.60541413000004],[14.337738477000073,40.62441640800006],[14.359629754000082,40.63263580900008],[14.379730665000068,40.63385651200008],[14.387380405000044,40.63694896000004],[14.398213357000088,40.64384157400008],[14.404798645000085,40.65603259200009],[14.444210811000062,40.68598713600005],[14.476369627000054,40.69510212700004],[14.479746941000087,40.71149323100008],[14.474131707000083,40.729681708000044],[14.46062259200005,40.744208075000074],[14.442637566000087,40.755072333000044],[14.421290079000073,40.750930081000035],[14.39443265300008,40.76156623900005],[14.382554016000086,40.772265565000055],[14.366608709000047,40.78017824600005],[14.312347852000073,40.828111070000034],[14.294200066000087,40.838771877000056],[14.275726759000065,40.84003327000005],[14.248383009000065,40.83771393400008],[14.223643425000091,40.831366278000075],[14.212738477000073,40.820746161000045],[14.203461134000065,40.801214911000045],[14.182202959000051,40.80091803100004],[14.165596632000074,40.81575233700005],[14.135233189000076,40.81855425300006],[14.111501498000052,40.82953522300005],[14.095957879000082,40.83380768400008],[14.082530144000089,40.831284898000035],[14.076182488000086,40.82221100500004],[14.077403191000087,40.81037018400008],[14.081228061000047,40.79710521000004],[14.082530144000089,40.78351471600007],[14.075281919000076,40.786277590000054],[14.04769740100005,40.78958927300005],[14.041151478000074,40.79648412900008],[14.052256707000083,40.837591864000046],[14.044464903000062,40.87420513200004],[14.021343774000059,40.921828936000054],[13.965342644000089,40.99640534100007],[13.930186394000089,41.01414622600004],[13.917979363000086,41.02366771000004],[13.914561394000089,41.03314850500004],[13.912771030000044,41.05442942900004],[13.910655144000089,41.06464264500005],[13.884318292000046,41.104799842000034],[13.851725251000062,41.14731569400004],[13.79049088000005,41.205864029000054],[13.721853061000047,41.252386786000045],[13.708506707000083,41.25641510600008],[13.678721550000091,41.25055573100008],[13.663340691000087,41.25067780200004],[13.656586134000065,41.25958893400008],[13.594411655000044,41.253119208000044],[13.563649936000047,41.237982489000046],[13.575450066000087,41.20807526200008],[13.543955925000091,41.20661041900007],[13.534434441000087,41.20807526200008],[13.525238477000073,41.21539948100008],[13.519541863000086,41.22516510600008],[13.514414910000085,41.229681708000044],[13.507090691000087,41.22174713700008],[13.49968509200005,41.22174713700008],[13.48023522200009,41.239162502000056],[13.324392123000052,41.29482656500005],[13.285817905000044,41.29572174700007],[13.20484459700009,41.28375885600008],[13.187022332000083,41.27802155200004],[13.151215040000068,41.260199286000045],[13.114512566000087,41.250881252000056],[13.090505405000044,41.226548570000034],[13.068207227000073,41.22174713700008],[13.04460696700005,41.22752513200004],[13.03679446700005,41.24042389500005],[13.033457879000082,41.25690338700008],[13.023692254000082,41.27358633000006],[13.011973504000082,41.28652578300006],[12.992686394000089,41.315619208000044],[12.979502800000091,41.33100006700005],[12.923838738000086,41.379787502000056],[12.893565300000091,41.399318752000056],[12.862152540000068,41.41351959800005],[12.84156334700009,41.418402411000045],[12.762950066000087,41.42137278900009],[12.748545769000089,41.42373281500005],[12.678558790000068,41.45795319200005],[12.65398196700005,41.46564362200007],[12.642425977000073,41.458197333000044],[12.635264519000089,41.44749583500004],[12.619395379000082,41.45913320500006],[12.545583530000044,41.544134833000044],[12.448008660000085,41.63076406500005],[12.342784050000091,41.70229726800005],[12.327159050000091,41.711371161000045],[12.300629102000073,41.71743398600006],[12.285004102000073,41.72719961100006],[12.246918165000068,41.733710028000075],[12.239024285000085,41.73627350500004],[12.223480665000068,41.75067780200004],[12.215179884000065,41.76813385600008],[12.211761915000068,41.787543036000045],[12.211192254000082,41.807928778000075],[12.206228061000047,41.827337958000044],[12.194590691000087,41.847357489000046],[12.170176629000082,41.87958405200004],[12.147471550000091,41.90346914300005],[12.049978061000047,41.960150458000044],[12.03882897200009,41.96515534100007],[12.029795769000089,41.97284577000005],[12.026133660000085,41.98578522300005],[12.020355665000068,41.993068752000056],[11.992035352000073,41.99628327000005],[11.98218834700009,41.99974192900004],[11.969004754000082,42.011419989000046],[11.952647332000083,42.02228424700007],[11.934580925000091,42.03148021000004],[11.916840040000068,42.03790924700007],[11.839691602000073,42.036444403000075],[11.82748457100007,42.03416575700004],[11.822113477000073,42.04677969000005],[11.809418165000068,42.06635163000004],[11.793630405000044,42.08445872600004],[11.779795769000089,42.09251536700003],[11.771983269000089,42.10626862200007],[11.750173373000052,42.12791575700004],[11.745616082000083,42.13662344000005],[11.742930535000085,42.15228913000004],[11.736175977000073,42.16889069200005],[11.682139519000089,42.25214264500005],[11.658213738000086,42.279364325000074],[11.539073113000086,42.348863023000035],[11.489268425000091,42.359361070000034],[11.420664910000085,42.38662344000005],[11.39616946700005,42.39297109600005],[11.39616946700005,42.400376695000034],[11.37663821700005,42.40688711100006],[11.365733269000089,42.407904364000046],[11.354665561000047,42.40721263200004],[11.362071160000085,42.400376695000034],[11.333018425000091,42.40058014500005],[11.259043816000087,42.42084381700005],[11.245616082000083,42.422308661000045],[11.227386915000068,42.42218659100007],[11.211273634000065,42.41889069200005],[11.204356316000087,42.41095612200007],[11.20093834700009,42.39545319200005],[11.186289910000085,42.37929922100005],[11.183848504000082,42.36627838700008],[11.174652540000068,42.36933014500005],[11.164724155000044,42.36933014500005],[11.157399936000047,42.36774323100008],[11.15593509200005,42.36627838700008],[11.14779707100007,42.37140534100007],[11.13453209700009,42.38418203300006],[11.106618686000047,42.39126211100006],[11.094493035000085,42.40273672100005],[11.086761915000068,42.41836172100005],[11.08694107100007,42.429456508000044],[11.099131707000083,42.44285716400009],[11.113021206000042,42.44635807800006],[11.141815527000063,42.43879721600007],[11.164190816000087,42.43982808100009],[11.179691769000044,42.45649774900005],[11.18844752800004,42.480267455000046],[11.188975457000083,42.50470612200007],[11.18685957100007,42.520819403000075],[11.166026238000086,42.546210028000075],[11.158457879000082,42.56403229400007],[11.148610873000052,42.56317780200004],[11.137217644000089,42.55890534100007],[11.12867272200009,42.55805084800005],[11.115977410000085,42.571966864000046],[11.107269727000073,42.59076569200005],[11.09742272200009,42.60687897300005],[11.080902540000068,42.61269765800006],[11.07781009200005,42.63222890800006],[11.053477410000085,42.64704010600008],[11.005707227000073,42.66791413000004],[11.000254754000082,42.67987702000005],[10.99000084700009,42.710272528000075],[10.981211785000085,42.71629466400009],[10.97234134200005,42.720038153000075],[10.943614129000082,42.74298737200007],[10.890879754000082,42.76390208500004],[10.731293165000068,42.80442942900004],[10.755381707000083,42.81915924700007],[10.764903191000087,42.835272528000075],[10.766368035000085,42.85419342700004],[10.765635613000086,42.87710195500006],[10.768728061000047,42.88393789300005],[10.774587436000047,42.88825104400007],[10.777679884000065,42.89472077000005],[10.772959832000083,42.90814850500004],[10.763519727000073,42.91828034100007],[10.750743035000085,42.92527903900009],[10.68140709700009,42.94904205900008],[10.63249759200005,42.95848216400009],[10.583262566000087,42.95970286700003],[10.539073113000086,42.94912344000005],[10.543467644000089,42.938788153000075],[10.54656009200005,42.934759833000044],[10.518565300000091,42.92527903900009],[10.499522332000083,42.94049713700008],[10.477549675000091,42.99005768400008],[10.502696160000085,43.005560614000046],[10.517100457000083,43.02391185100004],[10.539073113000086,43.079413153000075],[10.535655144000089,43.09137604400007],[10.535655144000089,43.112616278000075],[10.539317254000082,43.13418203300006],[10.54656009200005,43.14712148600006],[10.538340691000087,43.16425202000005],[10.534434441000087,43.18528880400004],[10.53288821700005,43.226223049000055],[10.528168165000068,43.24677155200004],[10.51693769600007,43.266791083000044],[10.437022332000083,43.38857656500005],[10.373383009000065,43.453192450000074],[10.35914147200009,43.465277411000045],[10.326345248000052,43.47687409100007],[10.317230665000068,43.492621161000045],[10.294769727000073,43.56854889500005],[10.264008009000065,43.80939362200007],[10.25163821700005,43.84662506700005],[10.210134311000047,43.92023346600007],[10.180674675000091,43.95526764500005],[10.13648522200009,43.97870514500005],[10.105804884000065,44.01675039300005],[10.090586785000085,44.025376695000034],[10.07203209700009,44.02952708500004],[10.035329623000052,44.04783763200004],[10.014821811000047,44.052069403000075],[9.998545769000089,44.05805084800005],[9.988536004000082,44.059759833000044],[9.980723504000082,44.04987213700008],[9.972666863000086,44.04572174700007],[9.962738477000073,44.04466380400004],[9.953623894000089,44.04865143400008],[9.937836134000065,44.06037018400008],[9.904307488000086,44.07990143400008],[9.887950066000087,44.093003648000035],[9.876800977000073,44.08783600500004],[9.844737175000091,44.108628648000035],[9.826426629000082,44.10724518400008],[9.833262566000087,44.09983958500004],[9.819590691000087,44.093003648000035],[9.824473504000082,44.08490631700005],[9.830577019000089,44.07884349200003],[9.838145379000082,44.07477448100008],[9.847504102000073,44.07249583500004],[9.847504102000073,44.06631094000005],[9.841644727000073,44.063381252000056],[9.833262566000087,44.052069403000075],[9.846364780000044,44.04629140800006],[9.842539910000085,44.04116445500006],[9.832286004000082,44.042303778000075],[9.826426629000082,44.05548737200007],[9.819834832000083,44.063381252000056],[9.771820509000065,44.079413153000075],[9.720876498000052,44.11347077000005],[9.709727410000085,44.11774323100008],[9.682627800000091,44.13654205900008],[9.672536655000044,44.14081452000005],[9.643239780000044,44.14232005400004],[9.631032748000052,44.144598700000074],[9.621104363000086,44.14826080900008],[9.586192254000082,44.177720445000034],[9.579925977000073,44.178941148000035],[9.573008660000085,44.19159577000005],[9.556488477000073,44.20014069200005],[9.511241082000083,44.21523672100005],[9.499034050000091,44.22182851800005],[9.489756707000083,44.230902411000045],[9.484385613000086,44.243841864000046],[9.472504102000073,44.23981354400007],[9.453868035000085,44.23769765800006],[9.436778191000087,44.239488023000035],[9.429209832000083,44.247259833000044],[9.422373894000089,44.25678131700005],[9.374522332000083,44.27179596600007],[9.367686394000089,44.29441966400009],[9.262705925000091,44.33641185100004],[9.230642123000052,44.35370514500005],[9.221039259000065,44.34406159100007],[9.213715040000068,44.33344147300005],[9.209808790000068,44.32086823100008],[9.21070397200009,44.30532461100006],[9.165049675000091,44.31830475500004],[9.146657748000052,44.328558661000045],[9.148610873000052,44.34003327000005],[9.130056186000047,44.363348700000074],[9.102061394000089,44.37396881700005],[9.001231316000087,44.38727448100008],[8.95289147200009,44.39980703300006],[8.923675977000073,44.41156647300005],[8.914561394000089,44.40892161700003],[8.868418816000087,44.40973541900007],[8.84538821700005,44.41347890800006],[8.837738477000073,44.417181708000044],[8.826996290000068,44.42845286700003],[8.762380405000044,44.43211497600004],[8.737152540000068,44.42877838700008],[8.724782748000052,44.42397695500006],[8.695811394000089,44.40672435100004],[8.68531334700009,44.398098049000055],[8.678558790000068,44.39468008000006],[8.662771030000044,44.39557526200008],[8.655121290000068,44.39468008000006],[8.593760613000086,44.36273834800005],[8.576670769000089,44.360541083000044],[8.564789259000065,44.35716380400004],[8.540293816000087,44.34003327000005],[8.466075066000087,44.30426666900007],[8.444509311000047,44.28388092700004],[8.449717644000089,44.26434967700004],[8.439463738000086,44.253159898000035],[8.436534050000091,44.24754466400009],[8.435394727000073,44.24042389500005],[8.41187584700009,44.22703685100004],[8.406504754000082,44.21503327000005],[8.408539259000065,44.20408763200004],[8.408213738000086,44.19350820500006],[8.394541863000086,44.18235911700003],[8.369395379000082,44.173529364000046],[8.313487175000091,44.16046784100007],[8.284678582000083,44.14826080900008],[8.269541863000086,44.138739325000074],[8.256521030000044,44.12836334800005],[8.233164910000085,44.103583075000074],[8.229991082000083,44.09634023600006],[8.231211785000085,44.08030833500004],[8.229991082000083,44.07249583500004],[8.223806186000047,44.05719635600008],[8.216319207000083,44.04523346600007],[8.169118686000047,44.00665924700007],[8.152679884000065,43.98322174700007],[8.167979363000086,43.96263255400004],[8.167979363000086,43.95648834800005],[8.144704623000052,43.95258209800005],[8.115244988000086,43.92767975500004],[8.08920332100007,43.91986725500004],[8.081553582000083,43.915228583000044],[8.075450066000087,43.90965403900009],[8.06771894600007,43.89667389500005],[8.055674675000091,43.89207591400009],[8.031423373000052,43.88751862200007],[7.9597274100000845,43.852850653000075],[7.7858179050000444,43.821966864000046],[7.736582879000082,43.79824453300006],[7.69499759200005,43.79120514500005],[7.57203209700009,43.79132721600007],[7.544118686000047,43.784491278000075],[7.531097852000073,43.784491278000075],[7.52320397200009,43.789048570000034],[7.512868686000047,43.79214101800005],[7.502289259000065,43.792222398000035],[7.489105665000068,43.78546784100007],[7.480723504000082,43.78583405200004],[7.476410352000073,43.784491278000075],[7.475759311000047,43.78082916900007],[7.4773055350000845,43.76813385600008],[7.476410352000073,43.76463450700004],[7.46843509200005,43.761704820000034],[7.46265709700009,43.76211172100005],[7.454345265000086,43.75711729100004],[7.432845087000089,43.739852548000044],[7.417956880000077,43.73090382500004],[7.404319061000081,43.71796907700008],[7.380722515000059,43.71927314100009],[7.365750207000076,43.72273028300003],[7.3422957690000885,43.70783112200007],[7.338063998000052,43.69830963700008],[7.330533323000054,43.68642412300005],[7.319001775000061,43.68524995800004],[7.293356573064678,43.689749276183136],[7.2817416181175805,43.72231972956604],[7.274416359049544,43.734988951857545],[7.264267536401378,43.75735719681191],[7.2563627630475,43.780613411931874],[7.250778346861679,43.8045330958626],[7.246335996400972,43.84389314252491],[7.245535880082421,43.86872506580469],[7.24712985783025,43.89240570555348],[7.208034941447215,43.901630552887276],[7.1848196483750915,43.9099084663004],[7.157413120369161,43.921078789948744],[7.133691131124974,43.93379093846212],[7.114045733234553,43.941679592076675],[7.086521077957385,43.956821724440665],[7.06004845945672,43.9644308568814],[7.037070282111504,43.97386185732728],[7.013803781870829,43.97494742583482],[6.988536772526884,43.97873688690902],[6.963788484758444,43.98508543232905],[6.899010394565338,44.010499713720606],[6.877137630474741,44.02254414587593],[6.856575447943839,44.036710401714124],[6.837528970750595,44.052857161805065],[6.820188202332287,44.07082334964695],[6.792185218103015,44.108189430464],[6.769458406431886,44.13067022792852],[6.754092454193434,44.14992471007527],[6.733419755935824,44.16442862737434],[6.714686793593403,44.180622206862516],[6.697647693603578,44.19858953739042],[6.682469617959953,44.218154350564035],[6.66930147108736,44.23912470589493],[6.658272439015848,44.261294873831325],[6.649490722001867,44.28444735406668],[6.64304247303027,44.30835500932525],[6.638990952610942,44.332783293691],[6.6373759081619275,44.35749255361901],[6.638677114187271,44.38779261904722],[6.62578440163545,44.41732202832556],[6.618906484767727,44.44027386156106],[6.606950289400591,44.49399203826576],[6.604674573631691,44.51970053437436],[6.605061491335292,44.54550665669286],[6.608106918862272,44.57113537155733],[6.613778398988697,44.596313536057586],[6.622015486834869,44.620772809109766],[6.632730394068141,44.64425251135253],[6.652015948602997,44.67672506962022],[6.626735848412484,44.689334604165325],[6.606176383100346,44.70251297168205],[6.587000757869662,44.71763435989012],[6.569391942236233,44.734554483894236],[6.553517955570043,44.75311189566551],[6.539530263892107,44.77312952454233],[6.527562334619668,44.79441636679891],[6.514303601433422,44.827217939575704],[6.4919930503603185,44.847747617869295],[6.476426080361671,44.865818413379785],[6.45290508347082,44.899959527334055],[6.440667297340706,44.92152158019872],[6.429115143341779,44.9487808675935],[6.4171074566992505,44.96670497579273],[6.405513013737417,44.98833586234893],[6.396095370401357,45.01099936505256],[6.383221176422899,45.05256004983362],[6.379068700318404,45.07683231985913],[6.377324276753341,45.10139536397859],[6.37800483043634,45.126010867155934],[6.3811037585141595,45.15044000538793],[6.386590994633741,45.174445762817285],[6.394413300651329,45.197795231302806],[6.404494783158444,45.2202618701357],[6.416737629813266,45.241627703977976],[6.4310230583334285,45.26168543769803],[6.446411386862682,45.280148785346725],[6.46341217993377,45.297703845575896],[6.482045727865521,45.31351517050997],[6.502133981262568,45.32743167797959],[6.523484990562515,45.33932039139061],[6.538202114053142,45.34572173453006],[6.555979517619455,45.357124694746496],[6.577931060525825,45.36832275776307],[6.600878424289161,45.37730526006513],[6.624598646136055,45.38398492523844],[6.6758026942028685,45.392032803249286],[6.700499833829023,45.40041136659278],[6.725700471172675,45.4061184333431],[6.75135557483525,45.409193882819444],[6.768828023933123,45.40947182642931],[6.752058383751883,45.458403979184084],[6.715865610594602,45.477035913132156],[6.66555701851498,45.51322117276663],[6.648581137241675,45.52899660063213],[6.608552134699595,45.57517521268775],[6.595091576419233,45.59506676076592],[6.583601945149234,45.61615819711919],[6.574189287486462,45.638254852745966],[6.56694048004942,45.66115278070693],[6.5619224276274775,45.6846406385074],[6.55344487897949,45.75056706665184],[6.551632607272629,45.77434785902418],[6.552094663420915,45.79819312938776],[6.56061436967648,45.8622230320338],[6.56620796835485,45.88643143569526],[6.574176919919305,45.90996504920815],[6.584442512146784,45.932591422541705],[6.608455448061946,45.97191056680528],[6.623515290100795,45.99271978217678],[6.640630919956095,46.01187382877975],[6.659621645243399,46.02917049434496],[6.6802869779021705,46.04442717526562],[6.702408750779633,46.05748280437227],[6.725753420855565,46.06819955134411],[6.750074534792529,46.076464277805265],[6.790986497728653,46.08700900967613],[6.8496567035358265,46.097449915591014],[6.8772420572929756,46.12060497278787],[6.898059538188924,46.13389996326311],[6.920087387168669,46.14507574743763],[6.96177536862332,46.1602343274346],[6.985027268622727,46.16674298715174],[7.00879860969433,46.170978178830225],[7.03286764763214,46.17290039568695],[7.057009861249475,46.172491706867724],[7.081000046761104,46.16975592471016],[7.1046144185328135,46.16471856918136],[7.127632696602165,46.157426629822176],[7.169795366003272,46.13826072070554],[7.197394690274428,46.15221779589506],[7.219981386250715,46.16047583715756],[7.243257048272161,46.166525435332794],[7.26700629115302,46.1703106094641],[7.291009347348783,46.17179633281702],[7.315044100611481,46.17096885700491],[7.348035161924572,46.16572419764515],[7.359369383371137,46.17251052957873],[7.406341741426048,46.19453883688893],[7.418057367046754,46.1985796730297],[7.4350680078790585,46.20850153550725],[7.45767937350981,46.21883196322839],[7.481204914095287,46.226865675492974],[7.505412012254801,46.23252323603483],[7.530061311458056,46.23574870365636],[7.554909082750317,46.236510185367614],[7.608154527487638,46.234259570258544],[7.632634890521331,46.23010401342954],[7.647127324943355,46.22613192389252],[7.664037982668207,46.22646334354359],[7.695117036876691,46.223747981563754],[7.718422720319794,46.219723226497656],[7.741243788628761,46.21351417058474],[7.767562469573121,46.20312861694608],[7.7918085697617165,46.21793712582193],[7.8215576888541944,46.230985749430516],[7.831147118461026,46.24537591796689],[7.830420504886324,46.262703315301735],[7.831887692602584,46.287753228326764],[7.835858615704801,46.31252988169385],[7.842293269475567,46.336783665176156],[7.851126828558385,46.36027023615377],[7.862270300035057,46.38275298122204],[7.875611419977046,46.40400539993262],[7.89101578443861,46.42381338665241],[7.917486686631384,46.45135415454784],[7.935887348860325,46.46658728022085],[7.958670255556805,46.48164157632926],[7.970336830374237,46.49148256458792],[8.009513077739967,46.516533565320486],[8.02987745775815,46.527413401919574],[8.051158715792049,46.536368114334984],[8.07994578714227,46.544789304351475],[8.087601582731647,46.55631664323599],[8.10283896109001,46.57504883175791],[8.128730831287731,46.60184047437935],[8.147938953681907,46.618833716963955],[8.16878695389971,46.63376968517386],[8.193797396777418,46.648414087402934],[8.215904710355696,46.65841185113982],[8.238191867994908,46.66598662796323],[8.25433324485307,46.675127583567175],[8.276271405758296,46.684902710971485],[8.299046337861641,46.69252757079722],[8.322447842744182,46.69793179034369],[8.34786843852749,46.701121398135655],[8.393146686067478,46.71014185998635],[8.41747227569475,46.713407084203595],[8.442000813250571,46.714271286307344],[8.466495884448422,46.71272613682735],[8.502204697561796,46.70633512843347],[8.525286567074486,46.70024224767985],[8.547682057005664,46.691975571998476],[8.569186957790492,46.68161047970205],[8.589605180553725,46.66924148316758],[8.608750545113635,46.65498136704089],[8.635629353381857,46.63056671644793],[8.65272094944365,46.61232952331877],[8.667906097987851,46.59247683753422],[8.688571423743252,46.55810832802004],[8.698751147632233,46.53547670163514],[8.706637013716252,46.51194734959591],[8.712151321952245,46.48775210841174],[8.715239739438434,46.463129375648855],[8.71565755733022,46.44673145511385],[8.718537894889021,46.432117130730774],[8.7208995948188,46.40758612543618],[8.720764663440562,46.38225396840114],[8.729750654295533,46.37170409211356],[8.764577042298015,46.37132064973745],[8.788589238815376,46.367996675824216],[8.81216662313211,46.36236273111866],[8.835087517140805,46.354471786814806],[8.851248819132847,46.347087973387154],[8.876857761123736,46.341036095895284],[8.90038520860784,46.3327905941551],[8.926044303823968,46.32041673898443],[8.952169272540647,46.33723469356834],[8.980863664935349,46.350434058591084],[9.007047579476117,46.36806953021997],[9.00251988873525,46.38689019481745],[8.997951219998027,46.42502924345536],[8.997009609961209,46.44874472110442],[8.998321173374391,46.47244261786758],[9.001874089158296,46.49590934535602],[9.007636334996116,46.51893339870222],[9.015555975949619,46.54130726284661],[9.025561632547108,46.56282928286419],[9.037563124124315,46.58330548147396],[9.051452281619861,46.60255130734993],[9.06016898099822,46.61248785484396],[9.08399327270273,46.648768366317746],[9.099124162214341,46.66666196136491],[9.115863970328647,46.68306023521982],[9.134065621209098,46.69781911276354],[9.153569195278875,46.71080892260161],[9.174203334273152,46.721915536356],[9.195786746791619,46.731041371396266],[9.218129801123448,46.73810624819981],[9.267848201121403,46.75035601401243],[9.28900984536299,46.75314970713932],[9.314509362762072,46.75414120729483],[9.349456832760945,46.75890311987232],[9.372943510541797,46.75913777153561],[9.396348552963897,46.75716721734851],[9.414967620975725,46.75381792778762],[9.448178988235314,46.75839807432704],[9.472811629287623,46.75870031162093],[9.497354427832118,46.75657677866898],[9.521569079832116,46.75204809441054],[9.545220467466475,46.745158231163494],[9.568078942061014,46.73597408766481],[9.589922553915969,46.724584839501574],[9.610539207378459,46.71110107323984],[9.629728720234786,46.695653712658476],[9.647304767426405,46.67839274751421],[9.663096690216614,46.659485777180976],[9.676951153241431,46.63911638330468],[9.688733633355143,46.617482347274304],[9.69718807164412,46.59749301130544],[9.735919351844064,46.60168350689388],[9.763106423302224,46.600955836699775],[9.80398932855883,46.61022977244842],[9.810857156050924,46.63099132201394],[9.8212983357476,46.6542735203163],[9.834058332378353,46.67637015981719],[9.84900422169143,46.697051053992496],[9.868071696341012,46.71888154942259],[9.8859514383388,46.73545450316141],[9.895658723972744,46.75136798050991],[9.910633417150308,46.77118382984109],[9.927500492824398,46.78941597394656],[9.94609346369593,46.805884451552224],[9.966228806932492,46.82042670974083],[9.98770777563946,46.832899208438484],[10.010318360601007,46.84317883723406],[10.033837382927459,46.85116413054651],[10.058032696953513,46.8567762691459],[10.082665481643412,46.85995985814247],[10.103022447854192,46.86055318596298],[10.126646057809133,46.867031755279925],[10.151282180533713,46.872468012809705],[10.165577568132104,46.87413699745709],[10.190650774891093,46.88054183486805],[10.203973653214684,46.909281539371406],[10.216743804732445,46.92992591680592],[10.245647417886195,46.96570343055859],[10.256481539591242,46.98551393114723],[10.27035637882662,47.0058411499731],[10.286162661825005,47.02470562470147],[10.303747204969076,47.041924533825345],[10.322939590967946,47.05733100352715],[10.34355382042425,47.07077572490489],[10.365390114412316,47.08212840097131],[10.396888843721838,47.095299259042335],[10.420056317481581,47.10209385539948],[10.44377116716475,47.10662202109539],[10.467812219211924,47.108841524762894],[10.491955257778407,47.10873166648051],[10.515975115855078,47.106293470827666],[10.541170415208748,47.10108802543276],[10.584814855247734,47.111201077860514],[10.615193501351033,47.119986420327365],[10.639072742131047,47.12388671299125],[10.663217184371462,47.12546034954176],[10.6874006698157,47.1246925899035],[10.711396674493914,47.121590625594074],[10.734980430547363,47.11618351236192],[10.779068671700115,47.101412433274504],[10.80256775691626,47.091093311977176],[10.824885049272488,47.07841933342934],[10.838821581409434,47.06848701845086],[10.863997948761863,47.05807643355572],[10.885527197576089,47.046300054681666],[10.902091471603457,47.06971277273031],[10.919251118751784,47.08910497409065],[10.943344896191299,47.11370002659429],[10.96324794059849,47.13010929257313],[10.996506834978577,47.15081864788064],[11.018075802881533,47.16848876472493],[11.038666756426037,47.181871873286546],[11.060471425976479,47.19317016291108],[11.08327940695097,47.2022746105336],[11.106870613294571,47.20909736261011],[11.158186954789848,47.21783063900857],[11.192682916865708,47.220437205630525],[11.243608734591627,47.231968811696085],[11.2888929431342,47.24043716143666],[11.313168259217127,47.242252906857175],[11.378349351677137,47.239569570799794],[11.391857616420669,47.245384081761124],[11.416352585323766,47.25306188582854],[11.441505745336903,47.25818738270344],[11.467051900787354,47.26070653306867],[11.515984912559203,47.25929347693035],[11.540690299489116,47.256677302816975],[11.555176349255804,47.25366661006633],[11.601588434430505,47.26198405344886],[11.627162522418269,47.2633004953963],[11.652737113799867,47.26199386940882],[11.678043873007951,47.25807788496159],[11.70281727464317,47.25159362962832],[11.725578091407419,47.243065965357864],[11.748575239134768,47.24014139880665],[11.772028686151762,47.24211395156429],[11.792995756501481,47.250191294727834],[11.80822273858098,47.25841984493333],[11.829674661130149,47.26754415082647],[11.851883210486132,47.27463063617465],[11.889370811506497,47.28367697413126],[11.919006155935415,47.292644271217014],[11.94220350147995,47.297264466883725],[11.968851007348231,47.29969446013768],[11.99494856192931,47.306558044830766],[12.015826458452894,47.31447368155017],[12.037134512591996,47.32044108102003],[12.068065466086539,47.32579674500013],[12.105986834797307,47.32866625589874],[12.14085750915925,47.338044633117995],[12.1669694304016,47.34142544910532],[12.193292104169652,47.34204123592519],[12.219533554165576,47.33988516314854],[12.24540270504167,47.33498114636056],[12.28639520504167,47.32494824636056],[12.310984256934386,47.31757315528259],[12.334687360079968,47.307715349103674],[12.35725458386121,47.295478770652224],[12.378447974617199,47.280992445043054],[12.398044064677912,47.26440911920884],[12.429140069123305,47.23352133575059],[12.444570229970415,47.21394435071562],[12.457974147174866,47.19292809009668],[12.469218564737947,47.17068148854735],[12.478191695480625,47.14742571224335],[12.484804332383751,47.12339196014314],[12.488990735446015,47.098819165507045],[12.490709285242842,47.07395162052522],[12.489942896688877,47.04903654766939],[12.486182077311852,47.02211558025582],[12.504026166764897,46.99742291664559],[12.52817085041128,46.95717976420706],[12.536312595111712,46.94962651954382],[12.557164009706634,46.92490279362288],[12.576683706119361,46.921133647120946],[12.607081919794236,46.91147792427829],[12.641181603627757,46.91118816936239],[12.675536964198674,46.90711597240585],[12.715577707825954,46.90572930246665],[12.738144106558147,46.902421595544325],[12.761039392192668,46.89682455551192],[12.8228107616678,46.8920330420648],[12.852554681947847,46.88579547604414],[12.875693524099272,46.87917242642425],[12.886427599212178,46.8749461363365],[12.914764544705667,46.866950091283144],[12.931126500048554,46.860231520194745],[12.946121673229445,46.85989544819157],[13.001238203214463,46.852132278072055],[13.043825042256485,46.851229518004594],[13.053202496312782,46.849916959454156],[13.069432640745495,46.851644885451975],[13.093817746680926,46.85185172050595],[13.118106994179163,46.84968178313561],[13.142069275452549,46.84515571990175],[13.158063686144795,46.84048249063592],[13.20929603798049,46.835569901603215],[13.233687191874253,46.830283627192465],[13.257429735647692,46.82259176782159],[13.281400556853226,46.81204085694578],[13.300830992817547,46.818861554520154],[13.324086454785023,46.824595683052756],[13.347783928017833,46.82807799603832],[13.371705889905224,46.82927652881105],[13.395632757221893,46.82818027986141],[13.419344901714878,46.824799311820605],[13.471569857539173,46.81401415652219],[13.499163163505209,46.81625590008424],[13.5232833686341,46.815582269128456],[13.547226282095828,46.81258644385175],[13.570768856277228,46.807296332790756],[13.594881528776693,46.799238239481596],[13.619463785995407,46.79461880513943],[13.667409892951389,46.78819902489837],[13.689806235610193,46.78355914009277],[13.722136149170854,46.77262844639333],[13.752775125713447,46.76997695447271],[13.77651610530434,46.76506750921715],[13.799669932996329,46.75788161832858],[13.82201887509698,46.74848685640322],[13.843352766887515,46.7369715697927],[13.863470988967318,46.723444045813785],[13.8821843538363,46.70803149443729],[13.899316884974079,46.69087885203253],[13.914707471685912,46.67214741841633],[13.928211384153562,46.65201334002375],[13.939701634443841,46.63066595346429],[13.949070170676263,46.6083060050405],[13.95622889312003,46.5851437629723],[13.963634382665253,46.54516344007914],[13.966244101701939,46.520132532275056],[13.966324021687734,46.494966074603326],[13.96387333273655,46.46991909668959],[13.958916869423593,46.44524541738603],[13.949788776012648,46.41055924432571],[13.941770886963226,46.38770385124214],[13.916083211988937,46.3331010777848],[13.906506611988936,46.316282277784794],[13.888089594636781,46.28889154843153],[13.899574467070508,46.26233138419737],[13.906747265243089,46.23870885400249],[13.91304935840993,46.20849679875694],[13.9154416382238,46.18384812769715],[13.91538353048734,46.15908370541008],[13.912875605381538,46.13444653228927],[13.907942471870847,46.11017836009837],[13.900632536228207,46.08651731978688],[13.891017527049474,46.06369558483499],[13.883618135516953,46.05008124363478],[13.888610594075534,46.02942783974343],[13.892026522791507,46.00470768246655],[13.892587576573266,45.97379542554784],[13.918629576268415,45.96104207334892],[13.938872202868383,45.94812319030199],[13.957781951648682,45.933321741997446],[13.983512257744238,45.90717279525618],[13.995212263517578,45.898198362173034],[14.012394034098591,45.88225208812567],[14.035270306105936,45.85490990581656],[14.06531791510587,45.83597736354417],[14.084699667239864,45.820411034801126],[14.102439671217736,45.80299681172959],[14.118362524408825,45.78390687583198],[14.132310791090974,45.763329977064586],[14.144146559081511,45.74146956759005],[14.15375280333106,45.718541790163144],[14.161034542997776,45.694773341039436],[14.165919780561538,45.67039922853733],[14.1683602136927,45.64566044941522],[14.168331712836856,45.62080160603865],[14.165834559793554,45.596068487897206],[14.160778776695553,45.57032413271932],[14.153857460110995,45.547448954361776],[14.144783462945307,45.52533920575194],[14.133639711138597,45.50419694466606],[14.12052804581755,45.484215387152645],[14.105568292584186,45.4655771417591],[14.088897166447117,45.44845254069878],[14.070667022402969,45.43299808320967],[14.051044463086226,45.41935500533061],[14.02750504578624,45.40629458416731],[13.989241067327024,45.37630930494345],[13.968051102748808,45.36372164083831],[13.945724642220226,45.35328166733665],[13.922478686037012,45.34509085494851],[13.89853917146136,45.339228813637504],[13.874138776742294,45.335752519058005],[13.808402015486159,45.330904546110624],[13.754547611257358,45.33539602573137],[13.731303876614643,45.338978765810644],[13.706895773436381,45.34529926724273],[13.672030951858705,45.34911523745629],[13.647675385381852,45.35502363036725],[13.612237830902215,45.36816795149823],[13.541074381408949,45.34897875053629],[13.540537957000083,45.356756903000075],[13.554942254000082,45.36107005400004]]],[[[10.42514082100007,42.74079010600008],[10.430674675000091,42.72211334800005],[10.415537957000083,42.70888906500005],[10.410980665000068,42.717962958000044],[10.403330925000091,42.71889883000006],[10.393239780000044,42.71820709800005],[10.381358269000089,42.72256094000005],[10.364268425000091,42.74982330900008],[10.35124759200005,42.75568268400008],[10.337901238000086,42.764837958000044],[10.325043165000068,42.764837958000044],[10.313731316000087,42.74298737200007],[10.304535352000073,42.759751695000034],[10.26539147200009,42.744574286000045],[10.245371941000087,42.75726959800005],[10.24000084700009,42.741888739000046],[10.235199415000068,42.73590729400007],[10.147227410000085,42.73729075700004],[10.124847852000073,42.74310944200005],[10.10678144600007,42.75739166900007],[10.101410352000073,42.78400299700007],[10.111664259000065,42.80125560100004],[10.132985873000052,42.81191640800006],[10.158213738000086,42.817287502000056],[10.179535352000073,42.81875234600005],[10.189952019000089,42.81688060100004],[10.212168816000087,42.807847398000035],[10.22437584700009,42.80442942900004],[10.242198113000086,42.803168036000045],[10.265879754000082,42.80442942900004],[10.264333530000044,42.81045156500005],[10.259043816000087,42.81191640800006],[10.272146030000044,42.81875234600005],[10.272146030000044,42.827337958000044],[10.289317254000082,42.82562897300005],[10.326833530000044,42.826239325000074],[10.322113477000073,42.811712958000044],[10.332774285000085,42.805975653000075],[10.34734134200005,42.805853583000044],[10.354665561000047,42.80817291900007],[10.358083530000044,42.81753164300005],[10.37476647200009,42.82709381700005],[10.381358269000089,42.83242422100005],[10.392100457000083,42.85797760600008],[10.399912957000083,42.868841864000046],[10.412364129000082,42.87335846600007],[10.422048373000052,42.87083567900004],[10.43100019600007,42.864447333000044],[10.438487175000091,42.855454820000034],[10.443369988000086,42.84544505400004],[10.436045769000089,42.83812083500004],[10.431162957000083,42.82786692900004],[10.430674675000091,42.81614817900004],[10.436696811000047,42.80442942900004],[10.430023634000065,42.78758372600004],[10.420258009000065,42.77643463700008],[10.406911655000044,42.76898834800005],[10.388845248000052,42.76349518400008],[10.40796959700009,42.75726959800005],[10.42514082100007,42.74079010600008]]],[[[12.32789147200009,45.372259833000044],[12.352061394000089,45.405462958000044],[12.371836785000085,45.42487213700008],[12.389170769000089,45.43353913000004],[12.407481316000087,45.43065013200004],[12.430918816000087,45.415676174000055],[12.418223504000082,45.420355536000045],[12.404795769000089,45.42226797100005],[12.376231316000087,45.42255280200004],[12.321462436000047,45.34800853100006],[12.31999759200005,45.35415273600006],[12.32789147200009,45.372259833000044]]],[[[12.347178582000083,45.45880768400008],[12.363780144000089,45.449652411000045],[12.362071160000085,45.43813711100006],[12.33725019600007,45.427394924000055],[12.320648634000065,45.42983633000006],[12.316579623000052,45.443060614000046],[12.32984459700009,45.45880768400008],[12.347178582000083,45.45880768400008]]],[[[12.414073113000086,45.473089911000045],[12.418386264000048,45.468736070000034],[12.408783399000072,45.45661041900007],[12.396088087000066,45.44940827000005],[12.385345899000072,45.44570547100005],[12.375173373000052,45.45380280200004],[12.397308790000068,45.46002838700008],[12.414073113000086,45.473089911000045]]],[[[14.945323113000086,38.41225820500006],[14.958832227000073,38.432928778000075],[14.966319207000083,38.432928778000075],[14.966319207000083,38.41868724200009],[14.982432488000086,38.41242096600007],[14.993662957000083,38.40302155200004],[15.00171959700009,38.39126211100006],[15.007334832000083,38.37767161700009],[14.986827019000089,38.36408112200007],[14.963552280000044,38.38165924700007],[14.948252800000091,38.39642975500004],[14.945323113000086,38.41225820500006]]],[[[14.979340040000068,38.487534898000035],[14.979340040000068,38.48139069200005],[14.952647332000083,38.48139069200005],[14.957855665000068,38.46954987200007],[14.966319207000083,38.46088288000004],[14.966319207000083,38.45343659100007],[14.948741082000083,38.45091380400004],[14.934580925000091,38.458644924000055],[14.92156009200005,38.468817450000074],[14.907725457000083,38.473944403000075],[14.899424675000091,38.481675523000035],[14.900645379000082,38.49868398600006],[14.909678582000083,38.515326239000046],[14.924815300000091,38.522365627000056],[14.957855665000068,38.52204010600008],[14.966075066000087,38.51626211100006],[14.958832227000073,38.50185781500005],[14.974131707000083,38.49005768400008],[14.979340040000068,38.487534898000035]]],[[[14.342784050000091,38.54726797100005],[14.35718834700009,38.551214911000045],[14.360850457000083,38.539048570000034],[14.346446160000085,38.535142320000034],[14.342784050000091,38.54726797100005]]],[[[14.863291863000086,38.54901764500005],[14.861664259000065,38.53929271000004],[14.82398522200009,38.55182526200008],[14.793793165000068,38.571600653000075],[14.814952019000089,38.58380768400008],[14.851410352000073,38.58490631700005],[14.86695397200009,38.58112213700008],[14.876963738000086,38.569525458000044],[14.871918165000068,38.56525299700007],[14.863291863000086,38.54901764500005]]],[[[14.576019727000073,38.57664622600004],[14.579600457000083,38.56614817900004],[14.585215691000087,38.560980536000045],[14.585459832000083,38.55744049700007],[14.57357832100007,38.55654531500005],[14.551605665000068,38.56159088700008],[14.543711785000085,38.57453034100007],[14.542491082000083,38.58685944200005],[14.54623457100007,38.587958075000074],[14.563975457000083,38.58454010600008],[14.576019727000073,38.57664622600004]]],[[[15.187022332000083,38.79271067900004],[15.194102410000085,38.798081773000035],[15.203623894000089,38.80158112200007],[15.212087436000047,38.81045156500005],[15.218597852000073,38.81195709800005],[15.234629754000082,38.807806708000044],[15.239268425000091,38.804022528000075],[15.237478061000047,38.79596588700008],[15.232432488000086,38.78929271000004],[15.229665561000047,38.78302643400008],[15.224619988000086,38.77680084800005],[15.217458530000044,38.77301666900007],[15.206065300000091,38.77521393400008],[15.187022332000083,38.78900788000004],[15.187022332000083,38.79271067900004]]],[[[15.489105665000068,42.12453847900008],[15.492849155000044,42.12384674700007],[15.496755405000044,42.11603424700007],[15.492116733000046,42.10744863500008],[15.484711134000065,42.10142649900007],[15.477712436000047,42.10411204600007],[15.47820071700005,42.11347077000005],[15.489105665000068,42.12453847900008]]]]}}]}